
  .   ____          _            __ _ _
 /\\ / ___'_ __ _ _(_)_ __  __ _ \ \ \ \
( ( )\___ | '_ | '_| | '_ \/ _` | \ \ \ \
 \\/  ___)| |_)| | | | | || (_| |  ) ) ) )
  '  |____| .__|_| |_|_| |_\__, | / / / /
 =========|_|==============|___/=/_/_/_/

 :: Spring Boot ::               (v3.5.11)

2026-03-06T13:08:25.995+07:00  INFO 29556 --- [auth-service] [           main] c.g.auth_service.AuthServiceApplication  : Starting AuthServiceApplication v0.0.1-SNAPSHOT using Java 17.0.18 with PID 29556 (C:\Users\Admin\Downloads\Mock\cfsc_group1\auth-service\target\auth-service-0.0.1-SNAPSHOT.jar started by Admin in C:\Users\Admin\Downloads\Mock\cfsc_group1\auth-service)
2026-03-06T13:08:25.997+07:00  INFO 29556 --- [auth-service] [           main] c.g.auth_service.AuthServiceApplication  : No active profile set, falling back to 1 default profile: "default"
2026-03-06T13:08:25.998+07:00 DEBUG 29556 --- [auth-service] [           main] o.s.boot.SpringApplication               : Loading source class com.group1.auth_service.AuthServiceApplication
2026-03-06T13:08:26.028+07:00 DEBUG 29556 --- [auth-service] [           main] ConfigServletWebServerApplicationContext : Refreshing org.springframework.boot.web.servlet.context.AnnotationConfigServletWebServerApplicationContext@1838ccb8
2026-03-06T13:08:26.641+07:00  INFO 29556 --- [auth-service] [           main] .s.d.r.c.RepositoryConfigurationDelegate : Bootstrapping Spring Data JPA repositories in DEFAULT mode.
2026-03-06T13:08:26.654+07:00 DEBUG 29556 --- [auth-service] [           main] o.s.b.a.AutoConfigurationPackages        : @EnableAutoConfiguration was declared on a class in the package 'com.group1.auth_service'. Automatic @Repository and @Entity scanning is enabled.
2026-03-06T13:08:26.682+07:00  INFO 29556 --- [auth-service] [           main] .s.d.r.c.RepositoryConfigurationDelegate : Finished Spring Data repository scanning in 35 ms. Found 7 JPA repository interfaces.
2026-03-06T13:08:27.232+07:00 DEBUG 29556 --- [auth-service] [           main] .s.b.w.e.t.TomcatServletWebServerFactory : Code archive: C:\Users\Admin\Downloads\Mock\cfsc_group1\auth-service\target\auth-service-0.0.1-SNAPSHOT.jar
2026-03-06T13:08:27.233+07:00 DEBUG 29556 --- [auth-service] [           main] .s.b.w.e.t.TomcatServletWebServerFactory : Code archive: C:\Users\Admin\Downloads\Mock\cfsc_group1\auth-service\target\auth-service-0.0.1-SNAPSHOT.jar
2026-03-06T13:08:27.233+07:00 DEBUG 29556 --- [auth-service] [           main] .s.b.w.e.t.TomcatServletWebServerFactory : None of the document roots [src/main/webapp, public, static] point to a directory and will be ignored.
2026-03-06T13:08:27.257+07:00  INFO 29556 --- [auth-service] [           main] o.s.b.w.embedded.tomcat.TomcatWebServer  : Tomcat initialized with port 8083 (http)
2026-03-06T13:08:27.271+07:00  INFO 29556 --- [auth-service] [           main] o.apache.catalina.core.StandardService   : Starting service [Tomcat]
2026-03-06T13:08:27.271+07:00  INFO 29556 --- [auth-service] [           main] o.apache.catalina.core.StandardEngine    : Starting Servlet engine: [Apache Tomcat/10.1.52]
2026-03-06T13:08:27.311+07:00  INFO 29556 --- [auth-service] [           main] o.a.c.c.C.[Tomcat].[localhost].[/]       : Initializing Spring embedded WebApplicationContext
2026-03-06T13:08:27.311+07:00 DEBUG 29556 --- [auth-service] [           main] w.s.c.ServletWebServerApplicationContext : Published root WebApplicationContext as ServletContext attribute with name [org.springframework.web.context.WebApplicationContext.ROOT]
2026-03-06T13:08:27.312+07:00  INFO 29556 --- [auth-service] [           main] w.s.c.ServletWebServerApplicationContext : Root WebApplicationContext: initialization completed in 1283 ms
2026-03-06T13:08:27.546+07:00  INFO 29556 --- [auth-service] [           main] o.hibernate.jpa.internal.util.LogHelper  : HHH000204: Processing PersistenceUnitInfo [name: default]
2026-03-06T13:08:27.634+07:00  INFO 29556 --- [auth-service] [           main] org.hibernate.Version                    : HHH000412: Hibernate ORM core version 6.6.42.Final
2026-03-06T13:08:27.660+07:00  INFO 29556 --- [auth-service] [           main] o.h.c.internal.RegionFactoryInitiator    : HHH000026: Second-level cache disabled
2026-03-06T13:08:27.812+07:00  INFO 29556 --- [auth-service] [           main] o.s.o.j.p.SpringPersistenceUnitInfo      : No LoadTimeWeaver setup: ignoring JPA class transformer
2026-03-06T13:08:27.831+07:00  INFO 29556 --- [auth-service] [           main] com.zaxxer.hikari.HikariDataSource       : HikariPool-1 - Starting...
2026-03-06T13:08:27.938+07:00  INFO 29556 --- [auth-service] [           main] com.zaxxer.hikari.pool.HikariPool        : HikariPool-1 - Added connection com.mysql.cj.jdbc.ConnectionImpl@1b94c789
2026-03-06T13:08:27.939+07:00  INFO 29556 --- [auth-service] [           main] com.zaxxer.hikari.HikariDataSource       : HikariPool-1 - Start completed.
2026-03-06T13:08:27.981+07:00  INFO 29556 --- [auth-service] [           main] org.hibernate.orm.connections.pooling    : HHH10001005: Database info:
	Database JDBC URL [Connecting through datasource 'HikariDataSource (HikariPool-1)']
	Database driver: undefined/unknown
	Database version: 8.0.45
	Autocommit mode: undefined/unknown
	Isolation level: undefined/unknown
	Minimum pool size: undefined/unknown
	Maximum pool size: undefined/unknown
2026-03-06T13:08:28.528+07:00  INFO 29556 --- [auth-service] [           main] o.h.e.t.j.p.i.JtaPlatformInitiator       : HHH000489: No JTA platform available (set 'hibernate.transaction.jta.platform' to enable JTA platform integration)
2026-03-06T13:08:28.593+07:00  INFO 29556 --- [auth-service] [           main] j.LocalContainerEntityManagerFactoryBean : Initialized JPA EntityManagerFactory for persistence unit 'default'
2026-03-06T13:08:28.796+07:00 DEBUG 29556 --- [auth-service] [           main] o.s.b.w.s.ServletContextInitializerBeans : Mapping filters: springSecurityFilterChain urls=[/*] order=-100, characterEncodingFilter urls=[/*] order=-2147483648, formContentFilter urls=[/*] order=-9900, requestContextFilter urls=[/*] order=-105, jwtAuthenticationFilter urls=[/*] order=2147483647
2026-03-06T13:08:28.797+07:00 DEBUG 29556 --- [auth-service] [           main] o.s.b.w.s.ServletContextInitializerBeans : Mapping servlets: dispatcherServlet urls=[/]
2026-03-06T13:08:28.820+07:00 DEBUG 29556 --- [auth-service] [           main] o.s.b.w.s.f.OrderedRequestContextFilter  : Filter 'requestContextFilter' configured for use
2026-03-06T13:08:28.823+07:00 DEBUG 29556 --- [auth-service] [           main] s.b.w.s.f.OrderedCharacterEncodingFilter : Filter 'characterEncodingFilter' configured for use
2026-03-06T13:08:28.823+07:00 DEBUG 29556 --- [auth-service] [           main] .DelegatingFilterProxyRegistrationBean$1 : Filter 'springSecurityFilterChain' configured for use
2026-03-06T13:08:28.823+07:00 DEBUG 29556 --- [auth-service] [           main] o.s.b.w.s.f.OrderedFormContentFilter     : Filter 'formContentFilter' configured for use
2026-03-06T13:08:28.954+07:00  INFO 29556 --- [auth-service] [           main] eAuthenticationProviderManagerConfigurer : Global AuthenticationManager configured with AuthenticationProvider bean with name authenticationProvider
2026-03-06T13:08:28.955+07:00  WARN 29556 --- [auth-service] [           main] r$InitializeUserDetailsManagerConfigurer : Global AuthenticationManager configured with an AuthenticationProvider bean. UserDetailsService beans will not be used by Spring Security for automatically configuring username/password login. Consider removing the AuthenticationProvider bean. Alternatively, consider using the UserDetailsService in a manually instantiated DaoAuthenticationProvider. If the current configuration is intentional, to turn off this warning, increase the logging level of 'org.springframework.security.config.annotation.authentication.configuration.InitializeUserDetailsBeanManagerConfigurer' to ERROR
2026-03-06T13:08:29.037+07:00  WARN 29556 --- [auth-service] [           main] JpaBaseConfiguration$JpaWebConfiguration : spring.jpa.open-in-view is enabled by default. Therefore, database queries may be performed during view rendering. Explicitly configure spring.jpa.open-in-view to disable this warning
2026-03-06T13:08:29.166+07:00 DEBUG 29556 --- [auth-service] [           main] s.w.s.m.m.a.RequestMappingHandlerMapping : 16 mappings in 'requestMappingHandlerMapping'
2026-03-06T13:08:29.305+07:00 DEBUG 29556 --- [auth-service] [           main] o.s.w.s.handler.SimpleUrlHandlerMapping  : Patterns [/webjars/**, /**] in 'resourceHandlerMapping'
2026-03-06T13:08:29.667+07:00 DEBUG 29556 --- [auth-service] [           main] s.w.s.m.m.a.RequestMappingHandlerAdapter : ControllerAdvice beans: 0 @ModelAttribute, 0 @InitBinder, 1 RequestBodyAdvice, 1 ResponseBodyAdvice
2026-03-06T13:08:29.796+07:00 DEBUG 29556 --- [auth-service] [           main] .m.m.a.ExceptionHandlerExceptionResolver : ControllerAdvice beans: 1 @ExceptionHandler, 1 ResponseBodyAdvice
2026-03-06T13:08:30.001+07:00  INFO 29556 --- [auth-service] [           main] o.s.b.w.embedded.tomcat.TomcatWebServer  : Tomcat started on port 8083 (http) with context path '/'
2026-03-06T13:08:30.014+07:00 DEBUG 29556 --- [auth-service] [           main] .s.b.a.l.ConditionEvaluationReportLogger : 


============================
CONDITIONS EVALUATION REPORT
============================


Positive matches:
-----------------

   AopAutoConfiguration matched:
      - @ConditionalOnBooleanProperty (spring.aop.auto=true) matched (OnPropertyCondition)

   AopAutoConfiguration.AspectJAutoProxyingConfiguration matched:
      - @ConditionalOnClass found required class 'org.aspectj.weaver.Advice' (OnClassCondition)

   AopAutoConfiguration.AspectJAutoProxyingConfiguration.CglibAutoProxyConfiguration matched:
      - @ConditionalOnBooleanProperty (spring.aop.proxy-target-class=true) matched (OnPropertyCondition)

   ApplicationAvailabilityAutoConfiguration#applicationAvailability matched:
      - @ConditionalOnMissingBean (types: org.springframework.boot.availability.ApplicationAvailability; SearchStrategy: all) did not find any beans (OnBeanCondition)

   DataSourceAutoConfiguration matched:
      - @ConditionalOnClass found required classes 'javax.sql.DataSource', 'org.springframework.jdbc.datasource.embedded.EmbeddedDatabaseType' (OnClassCondition)
      - @ConditionalOnMissingBean (types: io.r2dbc.spi.ConnectionFactory; SearchStrategy: all) did not find any beans (OnBeanCondition)

   DataSourceAutoConfiguration.PooledDataSourceConfiguration matched:
      - AnyNestedCondition 1 matched 1 did not; NestedCondition on DataSourceAutoConfiguration.PooledDataSourceCondition.PooledDataSourceAvailable PooledDataSource found supported DataSource; NestedCondition on DataSourceAutoConfiguration.PooledDataSourceCondition.ExplicitType @ConditionalOnProperty (spring.datasource.type) did not find property 'spring.datasource.type' (DataSourceAutoConfiguration.PooledDataSourceCondition)
      - @ConditionalOnMissingBean (types: javax.sql.DataSource,javax.sql.XADataSource; SearchStrategy: all) did not find any beans (OnBeanCondition)

   DataSourceAutoConfiguration.PooledDataSourceConfiguration#jdbcConnectionDetails matched:
      - @ConditionalOnMissingBean (types: org.springframework.boot.autoconfigure.jdbc.JdbcConnectionDetails; SearchStrategy: all) did not find any beans (OnBeanCondition)

   DataSourceConfiguration.Hikari matched:
      - @ConditionalOnClass found required class 'com.zaxxer.hikari.HikariDataSource' (OnClassCondition)
      - @ConditionalOnProperty (spring.datasource.type=com.zaxxer.hikari.HikariDataSource) matched (OnPropertyCondition)
      - @ConditionalOnMissingBean (types: javax.sql.DataSource; SearchStrategy: all) did not find any beans (OnBeanCondition)

   DataSourceInitializationConfiguration matched:
      - @ConditionalOnClass found required class 'org.springframework.jdbc.datasource.init.DatabasePopulator' (OnClassCondition)
      - @ConditionalOnSingleCandidate (types: javax.sql.DataSource; SearchStrategy: all) found a single bean 'dataSource'; @ConditionalOnMissingBean (types: org.springframework.boot.autoconfigure.sql.init.SqlDataSourceScriptDatabaseInitializer,org.springframework.boot.autoconfigure.sql.init.SqlR2dbcScriptDatabaseInitializer; SearchStrategy: all) did not find any beans (OnBeanCondition)

   DataSourcePoolMetadataProvidersConfiguration.HikariPoolDataSourceMetadataProviderConfiguration matched:
      - @ConditionalOnClass found required class 'com.zaxxer.hikari.HikariDataSource' (OnClassCondition)

   DataSourceTransactionManagerAutoConfiguration matched:
      - @ConditionalOnClass found required classes 'javax.sql.DataSource', 'org.springframework.jdbc.core.JdbcTemplate', 'org.springframework.transaction.TransactionManager' (OnClassCondition)

   DataSourceTransactionManagerAutoConfiguration.JdbcTransactionManagerConfiguration matched:
      - @ConditionalOnSingleCandidate (types: javax.sql.DataSource; SearchStrategy: all) found a single bean 'dataSource' (OnBeanCondition)

   DispatcherServletAutoConfiguration matched:
      - @ConditionalOnClass found required class 'org.springframework.web.servlet.DispatcherServlet' (OnClassCondition)
      - found 'session' scope (OnWebApplicationCondition)

   DispatcherServletAutoConfiguration.DispatcherServletConfiguration matched:
      - @ConditionalOnClass found required class 'jakarta.servlet.ServletRegistration' (OnClassCondition)
      - Default DispatcherServlet did not find dispatcher servlet beans (DispatcherServletAutoConfiguration.DefaultDispatcherServletCondition)

   DispatcherServletAutoConfiguration.DispatcherServletRegistrationConfiguration matched:
      - @ConditionalOnClass found required class 'jakarta.servlet.ServletRegistration' (OnClassCondition)
      - DispatcherServlet Registration did not find servlet registration bean (DispatcherServletAutoConfiguration.DispatcherServletRegistrationCondition)

   DispatcherServletAutoConfiguration.DispatcherServletRegistrationConfiguration#dispatcherServletRegistration matched:
      - @ConditionalOnBean (names: dispatcherServlet types: org.springframework.web.servlet.DispatcherServlet; SearchStrategy: all) found bean 'dispatcherServlet' (OnBeanCondition)

   EmbeddedWebServerFactoryCustomizerAutoConfiguration matched:
      - @ConditionalOnWebApplication (required) found 'session' scope (OnWebApplicationCondition)
      - @ConditionalOnWarDeployment the application is not deployed as a WAR file. (OnWarDeploymentCondition)

   EmbeddedWebServerFactoryCustomizerAutoConfiguration.TomcatWebServerFactoryCustomizerConfiguration matched:
      - @ConditionalOnClass found required classes 'org.apache.catalina.startup.Tomcat', 'org.apache.coyote.UpgradeProtocol' (OnClassCondition)

   ErrorMvcAutoConfiguration matched:
      - @ConditionalOnClass found required classes 'jakarta.servlet.Servlet', 'org.springframework.web.servlet.DispatcherServlet' (OnClassCondition)
      - found 'session' scope (OnWebApplicationCondition)

   ErrorMvcAutoConfiguration#basicErrorController matched:
      - @ConditionalOnMissingBean (types: org.springframework.boot.web.servlet.error.ErrorController; SearchStrategy: current) did not find any beans (OnBeanCondition)

   ErrorMvcAutoConfiguration#errorAttributes matched:
      - @ConditionalOnMissingBean (types: org.springframework.boot.web.servlet.error.ErrorAttributes; SearchStrategy: current) did not find any beans (OnBeanCondition)

   ErrorMvcAutoConfiguration.DefaultErrorViewResolverConfiguration#conventionErrorViewResolver matched:
      - @ConditionalOnBean (types: org.springframework.web.servlet.DispatcherServlet; SearchStrategy: all) found bean 'dispatcherServlet'; @ConditionalOnMissingBean (types: org.springframework.boot.autoconfigure.web.servlet.error.ErrorViewResolver; SearchStrategy: all) did not find any beans (OnBeanCondition)

   ErrorMvcAutoConfiguration.WhitelabelErrorViewConfiguration matched:
      - @ConditionalOnBooleanProperty (server.error.whitelabel.enabled=true) matched (OnPropertyCondition)
      - ErrorTemplate Missing did not find error template view (ErrorMvcAutoConfiguration.ErrorTemplateMissingCondition)

   ErrorMvcAutoConfiguration.WhitelabelErrorViewConfiguration#beanNameViewResolver matched:
      - @ConditionalOnMissingBean (types: org.springframework.web.servlet.view.BeanNameViewResolver; SearchStrategy: all) did not find any beans (OnBeanCondition)

   ErrorMvcAutoConfiguration.WhitelabelErrorViewConfiguration#defaultErrorView matched:
      - @ConditionalOnMissingBean (names: error; SearchStrategy: all) did not find any beans (OnBeanCondition)

   GenericCacheConfiguration matched:
      - Cache org.springframework.boot.autoconfigure.cache.GenericCacheConfiguration automatic cache type (CacheCondition)

   HibernateJpaAutoConfiguration matched:
      - @ConditionalOnClass found required classes 'org.springframework.orm.jpa.LocalContainerEntityManagerFactoryBean', 'jakarta.persistence.EntityManager', 'org.hibernate.engine.spi.SessionImplementor' (OnClassCondition)

   HibernateJpaConfiguration matched:
      - @ConditionalOnSingleCandidate (types: javax.sql.DataSource; SearchStrategy: all) found a single bean 'dataSource' (OnBeanCondition)

   HttpClientAutoConfiguration matched:
      - @ConditionalOnClass found required class 'org.springframework.http.client.ClientHttpRequestFactory' (OnClassCondition)
      - NoneNestedConditions 0 matched 1 did not; NestedCondition on NotReactiveWebApplicationCondition.ReactiveWebApplication did not find reactive web application classes (NotReactiveWebApplicationCondition)

   HttpClientAutoConfiguration#clientHttpRequestFactoryBuilder matched:
      - @ConditionalOnMissingBean (types: org.springframework.boot.http.client.ClientHttpRequestFactoryBuilder<?>; SearchStrategy: all) did not find any beans (OnBeanCondition)

   HttpClientAutoConfiguration#clientHttpRequestFactorySettings matched:
      - @ConditionalOnMissingBean (types: org.springframework.boot.http.client.ClientHttpRequestFactorySettings; SearchStrategy: all) did not find any beans (OnBeanCondition)

   HttpEncodingAutoConfiguration matched:
      - @ConditionalOnClass found required class 'org.springframework.web.filter.CharacterEncodingFilter' (OnClassCondition)
      - found 'session' scope (OnWebApplicationCondition)
      - @ConditionalOnBooleanProperty (server.servlet.encoding.enabled=true) matched (OnPropertyCondition)

   HttpEncodingAutoConfiguration#characterEncodingFilter matched:
      - @ConditionalOnMissingBean (types: org.springframework.web.filter.CharacterEncodingFilter; SearchStrategy: all) did not find any beans (OnBeanCondition)

   HttpMessageConvertersAutoConfiguration matched:
      - @ConditionalOnClass found required class 'org.springframework.http.converter.HttpMessageConverter' (OnClassCondition)
      - NoneNestedConditions 0 matched 1 did not; NestedCondition on HttpMessageConvertersAutoConfiguration.NotReactiveWebApplicationCondition.ReactiveWebApplication did not find reactive web application classes (HttpMessageConvertersAutoConfiguration.NotReactiveWebApplicationCondition)

   HttpMessageConvertersAutoConfiguration#messageConverters matched:
      - @ConditionalOnMissingBean (types: org.springframework.boot.autoconfigure.http.HttpMessageConverters; SearchStrategy: all) did not find any beans (OnBeanCondition)

   HttpMessageConvertersAutoConfiguration.StringHttpMessageConverterConfiguration matched:
      - @ConditionalOnClass found required class 'org.springframework.http.converter.StringHttpMessageConverter' (OnClassCondition)

   HttpMessageConvertersAutoConfiguration.StringHttpMessageConverterConfiguration#stringHttpMessageConverter matched:
      - @ConditionalOnMissingBean (types: org.springframework.http.converter.StringHttpMessageConverter; SearchStrategy: all) did not find any beans (OnBeanCondition)

   JacksonAutoConfiguration matched:
      - @ConditionalOnClass found required class 'com.fasterxml.jackson.databind.ObjectMapper' (OnClassCondition)

   JacksonAutoConfiguration.Jackson2ObjectMapperBuilderCustomizerConfiguration matched:
      - @ConditionalOnClass found required class 'org.springframework.http.converter.json.Jackson2ObjectMapperBuilder' (OnClassCondition)

   JacksonAutoConfiguration.JacksonObjectMapperBuilderConfiguration matched:
      - @ConditionalOnClass found required class 'org.springframework.http.converter.json.Jackson2ObjectMapperBuilder' (OnClassCondition)

   JacksonAutoConfiguration.JacksonObjectMapperBuilderConfiguration#jacksonObjectMapperBuilder matched:
      - @ConditionalOnMissingBean (types: org.springframework.http.converter.json.Jackson2ObjectMapperBuilder; SearchStrategy: all) did not find any beans (OnBeanCondition)

   JacksonAutoConfiguration.JacksonObjectMapperConfiguration matched:
      - @ConditionalOnClass found required class 'org.springframework.http.converter.json.Jackson2ObjectMapperBuilder' (OnClassCondition)

   JacksonAutoConfiguration.JacksonObjectMapperConfiguration#jacksonObjectMapper matched:
      - @ConditionalOnMissingBean (types: com.fasterxml.jackson.databind.ObjectMapper; SearchStrategy: all) did not find any beans (OnBeanCondition)

   JacksonAutoConfiguration.ParameterNamesModuleConfiguration matched:
      - @ConditionalOnClass found required class 'com.fasterxml.jackson.module.paramnames.ParameterNamesModule' (OnClassCondition)

   JacksonAutoConfiguration.ParameterNamesModuleConfiguration#parameterNamesModule matched:
      - @ConditionalOnMissingBean (types: com.fasterxml.jackson.module.paramnames.ParameterNamesModule; SearchStrategy: all) did not find any beans (OnBeanCondition)

   JacksonHttpMessageConvertersConfiguration.MappingJackson2HttpMessageConverterConfiguration matched:
      - @ConditionalOnClass found required class 'com.fasterxml.jackson.databind.ObjectMapper' (OnClassCondition)
      - @ConditionalOnPreferredJsonMapper JACKSON no property was configured and Jackson is the default (OnPreferredJsonMapperCondition)
      - @ConditionalOnBean (types: com.fasterxml.jackson.databind.ObjectMapper; SearchStrategy: all) found bean 'jacksonObjectMapper' (OnBeanCondition)

   JacksonHttpMessageConvertersConfiguration.MappingJackson2HttpMessageConverterConfiguration#mappingJackson2HttpMessageConverter matched:
      - @ConditionalOnMissingBean (types: org.springframework.http.converter.json.MappingJackson2HttpMessageConverter ignored: org.springframework.hateoas.server.mvc.TypeConstrainedMappingJackson2HttpMessageConverter,org.springframework.data.rest.webmvc.alps.AlpsJsonHttpMessageConverter; SearchStrategy: all) did not find any beans (OnBeanCondition)

   JdbcClientAutoConfiguration matched:
      - @ConditionalOnSingleCandidate (types: org.springframework.jdbc.core.namedparam.NamedParameterJdbcTemplate; SearchStrategy: all) found a single bean 'namedParameterJdbcTemplate'; @ConditionalOnMissingBean (types: org.springframework.jdbc.core.simple.JdbcClient; SearchStrategy: all) did not find any beans (OnBeanCondition)

   JdbcTemplateAutoConfiguration matched:
      - @ConditionalOnClass found required classes 'javax.sql.DataSource', 'org.springframework.jdbc.core.JdbcTemplate' (OnClassCondition)
      - @ConditionalOnSingleCandidate (types: javax.sql.DataSource; SearchStrategy: all) found a single bean 'dataSource' (OnBeanCondition)

   JdbcTemplateConfiguration matched:
      - @ConditionalOnMissingBean (types: org.springframework.jdbc.core.JdbcOperations; SearchStrategy: all) did not find any beans (OnBeanCondition)

   JpaBaseConfiguration#entityManagerFactory matched:
      - @ConditionalOnMissingBean (types: org.springframework.orm.jpa.LocalContainerEntityManagerFactoryBean,jakarta.persistence.EntityManagerFactory; SearchStrategy: all) did not find any beans (OnBeanCondition)

   JpaBaseConfiguration#entityManagerFactoryBuilder matched:
      - @ConditionalOnMissingBean (types: org.springframework.boot.orm.jpa.EntityManagerFactoryBuilder; SearchStrategy: all) did not find any beans (OnBeanCondition)

   JpaBaseConfiguration#jpaVendorAdapter matched:
      - @ConditionalOnMissingBean (types: org.springframework.orm.jpa.JpaVendorAdapter; SearchStrategy: all) did not find any beans (OnBeanCondition)

   JpaBaseConfiguration#transactionManager matched:
      - @ConditionalOnMissingBean (types: org.springframework.transaction.TransactionManager; SearchStrategy: all) did not find any beans (OnBeanCondition)

   JpaBaseConfiguration.JpaWebConfiguration matched:
      - @ConditionalOnClass found required class 'org.springframework.web.servlet.config.annotation.WebMvcConfigurer' (OnClassCondition)
      - found 'session' scope (OnWebApplicationCondition)
      - @ConditionalOnBooleanProperty (spring.jpa.open-in-view=true) matched (OnPropertyCondition)
      - @ConditionalOnMissingBean (types: org.springframework.orm.jpa.support.OpenEntityManagerInViewInterceptor,org.springframework.orm.jpa.support.OpenEntityManagerInViewFilter; SearchStrategy: all) did not find any beans (OnBeanCondition)

   JpaBaseConfiguration.PersistenceManagedTypesConfiguration matched:
      - @ConditionalOnMissingBean (types: org.springframework.orm.jpa.LocalContainerEntityManagerFactoryBean,jakarta.persistence.EntityManagerFactory; SearchStrategy: all) did not find any beans (OnBeanCondition)

   JpaBaseConfiguration.PersistenceManagedTypesConfiguration#persistenceManagedTypes matched:
      - @ConditionalOnMissingBean (types: org.springframework.orm.jpa.persistenceunit.PersistenceManagedTypes; SearchStrategy: all) did not find any beans (OnBeanCondition)

   JpaRepositoriesAutoConfiguration matched:
      - @ConditionalOnClass found required class 'org.springframework.data.jpa.repository.JpaRepository' (OnClassCondition)
      - @ConditionalOnBooleanProperty (spring.data.jpa.repositories.enabled=true) matched (OnPropertyCondition)
      - @ConditionalOnBean (types: javax.sql.DataSource; SearchStrategy: all) found bean 'dataSource'; @ConditionalOnMissingBean (types: org.springframework.data.jpa.repository.support.JpaRepositoryFactoryBean,org.springframework.data.jpa.repository.config.JpaRepositoryConfigExtension; SearchStrategy: all) did not find any beans (OnBeanCondition)

   JtaAutoConfiguration matched:
      - @ConditionalOnClass found required class 'jakarta.transaction.Transaction' (OnClassCondition)
      - @ConditionalOnBooleanProperty (spring.jta.enabled=true) matched (OnPropertyCondition)

   LifecycleAutoConfiguration#defaultLifecycleProcessor matched:
      - @ConditionalOnMissingBean (names: lifecycleProcessor; SearchStrategy: current) did not find any beans (OnBeanCondition)

   MailSenderAutoConfiguration matched:
      - @ConditionalOnClass found required classes 'jakarta.mail.internet.MimeMessage', 'jakarta.activation.MimeType', 'org.springframework.mail.MailSender' (OnClassCondition)
      - AnyNestedCondition 1 matched 1 did not; NestedCondition on MailSenderAutoConfiguration.MailSenderCondition.JndiNameProperty @ConditionalOnProperty (spring.mail.jndi-name) did not find property 'spring.mail.jndi-name'; NestedCondition on MailSenderAutoConfiguration.MailSenderCondition.HostProperty @ConditionalOnProperty (spring.mail.host) matched (MailSenderAutoConfiguration.MailSenderCondition)
      - @ConditionalOnMissingBean (types: org.springframework.mail.MailSender; SearchStrategy: all) did not find any beans (OnBeanCondition)

   MailSenderPropertiesConfiguration matched:
      - @ConditionalOnProperty (spring.mail.host) matched (OnPropertyCondition)

   MailSenderPropertiesConfiguration#mailSender matched:
      - @ConditionalOnMissingBean (types: org.springframework.mail.javamail.JavaMailSender; SearchStrategy: all) did not find any beans (OnBeanCondition)

   MultipartAutoConfiguration matched:
      - @ConditionalOnClass found required classes 'jakarta.servlet.Servlet', 'org.springframework.web.multipart.support.StandardServletMultipartResolver', 'jakarta.servlet.MultipartConfigElement' (OnClassCondition)
      - found 'session' scope (OnWebApplicationCondition)
      - @ConditionalOnBooleanProperty (spring.servlet.multipart.enabled=true) matched (OnPropertyCondition)

   MultipartAutoConfiguration#multipartConfigElement matched:
      - @ConditionalOnMissingBean (types: jakarta.servlet.MultipartConfigElement; SearchStrategy: all) did not find any beans (OnBeanCondition)

   MultipartAutoConfiguration#multipartResolver matched:
      - @ConditionalOnMissingBean (types: org.springframework.web.multipart.MultipartResolver; SearchStrategy: all) did not find any beans (OnBeanCondition)

   NamedParameterJdbcTemplateConfiguration matched:
      - @ConditionalOnSingleCandidate (types: org.springframework.jdbc.core.JdbcTemplate; SearchStrategy: all) found a single bean 'jdbcTemplate'; @ConditionalOnMissingBean (types: org.springframework.jdbc.core.namedparam.NamedParameterJdbcOperations; SearchStrategy: all) did not find any beans (OnBeanCondition)

   NoOpCacheConfiguration matched:
      - Cache org.springframework.boot.autoconfigure.cache.NoOpCacheConfiguration automatic cache type (CacheCondition)

   PersistenceExceptionTranslationAutoConfiguration matched:
      - @ConditionalOnClass found required class 'org.springframework.dao.annotation.PersistenceExceptionTranslationPostProcessor' (OnClassCondition)

   PersistenceExceptionTranslationAutoConfiguration#persistenceExceptionTranslationPostProcessor matched:
      - @ConditionalOnBooleanProperty (spring.dao.exceptiontranslation.enabled=true) matched (OnPropertyCondition)
      - @ConditionalOnMissingBean (types: org.springframework.dao.annotation.PersistenceExceptionTranslationPostProcessor; SearchStrategy: all) did not find any beans (OnBeanCondition)

   PropertyPlaceholderAutoConfiguration#propertySourcesPlaceholderConfigurer matched:
      - @ConditionalOnMissingBean (types: org.springframework.context.support.PropertySourcesPlaceholderConfigurer; SearchStrategy: current) did not find any beans (OnBeanCondition)

   RestClientAutoConfiguration matched:
      - @ConditionalOnClass found required class 'org.springframework.web.client.RestClient' (OnClassCondition)
      - AnyNestedCondition 1 matched 1 did not; NestedCondition on NotReactiveWebApplicationOrVirtualThreadsExecutorEnabledCondition.VirtualThreadsExecutorEnabled found non-matching nested conditions @ConditionalOnThreading did not find VIRTUAL; NestedCondition on NotReactiveWebApplicationOrVirtualThreadsExecutorEnabledCondition.NotReactiveWebApplication NoneNestedConditions 0 matched 1 did not; NestedCondition on NotReactiveWebApplicationCondition.ReactiveWebApplication did not find reactive web application classes (NotReactiveWebApplicationOrVirtualThreadsExecutorEnabledCondition)

   RestClientAutoConfiguration#httpMessageConvertersRestClientCustomizer matched:
      - @ConditionalOnMissingBean (types: org.springframework.boot.autoconfigure.web.client.HttpMessageConvertersRestClientCustomizer; SearchStrategy: all) did not find any beans (OnBeanCondition)

   RestClientAutoConfiguration#restClientBuilder matched:
      - @ConditionalOnMissingBean (types: org.springframework.web.client.RestClient$Builder; SearchStrategy: all) did not find any beans (OnBeanCondition)

   RestClientAutoConfiguration#restClientBuilderConfigurer matched:
      - @ConditionalOnMissingBean (types: org.springframework.boot.autoconfigure.web.client.RestClientBuilderConfigurer; SearchStrategy: all) did not find any beans (OnBeanCondition)

   RestClientAutoConfiguration#restClientSsl matched:
      - @ConditionalOnBean (types: org.springframework.boot.ssl.SslBundles; SearchStrategy: all) found bean 'sslBundleRegistry'; @ConditionalOnMissingBean (types: org.springframework.boot.autoconfigure.web.client.RestClientSsl; SearchStrategy: all) did not find any beans (OnBeanCondition)

   RestTemplateAutoConfiguration matched:
      - @ConditionalOnClass found required class 'org.springframework.web.client.RestTemplate' (OnClassCondition)
      - NoneNestedConditions 0 matched 1 did not; NestedCondition on NotReactiveWebApplicationCondition.ReactiveWebApplication did not find reactive web application classes (NotReactiveWebApplicationCondition)

   RestTemplateAutoConfiguration#restTemplateBuilder matched:
      - @ConditionalOnMissingBean (types: org.springframework.boot.web.client.RestTemplateBuilder; SearchStrategy: all) did not find any beans (OnBeanCondition)

   SecurityAutoConfiguration matched:
      - @ConditionalOnClass found required class 'org.springframework.security.authentication.DefaultAuthenticationEventPublisher' (OnClassCondition)

   SecurityAutoConfiguration#authenticationEventPublisher matched:
      - @ConditionalOnMissingBean (types: org.springframework.security.authentication.AuthenticationEventPublisher; SearchStrategy: all) did not find any beans (OnBeanCondition)

   SecurityFilterAutoConfiguration matched:
      - @ConditionalOnClass found required classes 'org.springframework.security.web.context.AbstractSecurityWebApplicationInitializer', 'org.springframework.security.config.http.SessionCreationPolicy' (OnClassCondition)
      - found 'session' scope (OnWebApplicationCondition)

   SecurityFilterAutoConfiguration#securityFilterChainRegistration matched:
      - @ConditionalOnBean (names: springSecurityFilterChain; SearchStrategy: all) found bean 'springSecurityFilterChain' (OnBeanCondition)

   ServletWebServerFactoryAutoConfiguration matched:
      - @ConditionalOnClass found required class 'jakarta.servlet.ServletRequest' (OnClassCondition)
      - found 'session' scope (OnWebApplicationCondition)

   ServletWebServerFactoryAutoConfiguration.TomcatConfiguration matched:
      - @ConditionalOnClass found required class 'org.apache.catalina.startup.Tomcat' (OnClassCondition)

   ServletWebServerFactoryConfiguration.EmbeddedTomcat matched:
      - @ConditionalOnClass found required classes 'jakarta.servlet.Servlet', 'org.apache.catalina.startup.Tomcat', 'org.apache.coyote.UpgradeProtocol' (OnClassCondition)
      - @ConditionalOnMissingBean (types: org.springframework.boot.web.servlet.server.ServletWebServerFactory; SearchStrategy: current) did not find any beans (OnBeanCondition)

   SimpleCacheConfiguration matched:
      - Cache org.springframework.boot.autoconfigure.cache.SimpleCacheConfiguration automatic cache type (CacheCondition)

   SpringBootWebSecurityConfiguration matched:
      - found 'session' scope (OnWebApplicationCondition)

   SpringDataWebAutoConfiguration matched:
      - @ConditionalOnClass found required classes 'org.springframework.data.web.PageableHandlerMethodArgumentResolver', 'org.springframework.web.servlet.config.annotation.WebMvcConfigurer' (OnClassCondition)
      - found 'session' scope (OnWebApplicationCondition)
      - @ConditionalOnMissingBean (types: org.springframework.data.web.PageableHandlerMethodArgumentResolver; SearchStrategy: all) did not find any beans (OnBeanCondition)

   SpringDataWebAutoConfiguration#pageableCustomizer matched:
      - @ConditionalOnMissingBean (types: org.springframework.data.web.config.PageableHandlerMethodArgumentResolverCustomizer; SearchStrategy: all) did not find any beans (OnBeanCondition)

   SpringDataWebAutoConfiguration#sortCustomizer matched:
      - @ConditionalOnMissingBean (types: org.springframework.data.web.config.SortHandlerMethodArgumentResolverCustomizer; SearchStrategy: all) did not find any beans (OnBeanCondition)

   SpringDataWebAutoConfiguration#springDataWebSettings matched:
      - @ConditionalOnMissingBean (types: org.springframework.data.web.config.SpringDataWebSettings; SearchStrategy: all) did not find any beans (OnBeanCondition)

   SqlInitializationAutoConfiguration matched:
      - @ConditionalOnBooleanProperty (spring.sql.init.enabled=true) matched (OnPropertyCondition)
      - NoneNestedConditions 0 matched 1 did not; NestedCondition on SqlInitializationAutoConfiguration.SqlInitializationModeCondition.ModeIsNever @ConditionalOnProperty (spring.sql.init.mode=never) did not find property 'spring.sql.init.mode' (SqlInitializationAutoConfiguration.SqlInitializationModeCondition)

   SslAutoConfiguration#sslBundleRegistry matched:
      - @ConditionalOnMissingBean (types: org.springframework.boot.ssl.SslBundleRegistry,org.springframework.boot.ssl.SslBundles; SearchStrategy: all) did not find any beans (OnBeanCondition)

   TaskExecutionAutoConfiguration matched:
      - @ConditionalOnClass found required class 'org.springframework.scheduling.concurrent.ThreadPoolTaskExecutor' (OnClassCondition)

   TaskExecutorConfigurations.AsyncConfigurerConfiguration matched:
      - @ConditionalOnMissingBean (types: org.springframework.scheduling.annotation.AsyncConfigurer; SearchStrategy: all) did not find any beans (OnBeanCondition)

   TaskExecutorConfigurations.AsyncConfigurerConfiguration#applicationTaskExecutorAsyncConfigurer matched:
      - @ConditionalOnMissingBean (types: org.springframework.scheduling.annotation.AsyncConfigurer; SearchStrategy: all) did not find any beans (OnBeanCondition)

   TaskExecutorConfigurations.SimpleAsyncTaskExecutorBuilderConfiguration#simpleAsyncTaskExecutorBuilder matched:
      - @ConditionalOnMissingBean (types: org.springframework.boot.task.SimpleAsyncTaskExecutorBuilder; SearchStrategy: all) did not find any beans (OnBeanCondition)
      - @ConditionalOnThreading found PLATFORM (OnThreadingCondition)

   TaskExecutorConfigurations.TaskExecutorConfiguration matched:
      - AnyNestedCondition 1 matched 1 did not; NestedCondition on TaskExecutorConfigurations.OnExecutorCondition.ModelCondition @ConditionalOnProperty (spring.task.execution.mode=force) did not find property 'spring.task.execution.mode'; NestedCondition on TaskExecutorConfigurations.OnExecutorCondition.ExecutorBeanCondition @ConditionalOnMissingBean (types: java.util.concurrent.Executor; SearchStrategy: all) did not find any beans (TaskExecutorConfigurations.OnExecutorCondition)

   TaskExecutorConfigurations.TaskExecutorConfiguration#applicationTaskExecutor matched:
      - @ConditionalOnThreading found PLATFORM (OnThreadingCondition)

   TaskExecutorConfigurations.ThreadPoolTaskExecutorBuilderConfiguration#threadPoolTaskExecutorBuilder matched:
      - @ConditionalOnMissingBean (types: org.springframework.boot.task.ThreadPoolTaskExecutorBuilder; SearchStrategy: all) did not find any beans (OnBeanCondition)

   TaskSchedulingAutoConfiguration matched:
      - @ConditionalOnClass found required class 'org.springframework.scheduling.concurrent.ThreadPoolTaskScheduler' (OnClassCondition)

   TaskSchedulingAutoConfiguration#scheduledBeanLazyInitializationExcludeFilter matched:
      - @ConditionalOnBean (names: org.springframework.context.annotation.internalScheduledAnnotationProcessor; SearchStrategy: all) found bean 'org.springframework.context.annotation.internalScheduledAnnotationProcessor' (OnBeanCondition)

   TaskSchedulingConfigurations.SimpleAsyncTaskSchedulerBuilderConfiguration#simpleAsyncTaskSchedulerBuilder matched:
      - @ConditionalOnMissingBean (types: org.springframework.boot.task.SimpleAsyncTaskSchedulerBuilder; SearchStrategy: all) did not find any beans (OnBeanCondition)
      - @ConditionalOnThreading found PLATFORM (OnThreadingCondition)

   TaskSchedulingConfigurations.TaskSchedulerConfiguration matched:
      - @ConditionalOnBean (names: org.springframework.context.annotation.internalScheduledAnnotationProcessor; SearchStrategy: all) found bean 'org.springframework.context.annotation.internalScheduledAnnotationProcessor'; @ConditionalOnMissingBean (types: org.springframework.scheduling.TaskScheduler,java.util.concurrent.ScheduledExecutorService; SearchStrategy: all) did not find any beans (OnBeanCondition)

   TaskSchedulingConfigurations.TaskSchedulerConfiguration#taskScheduler matched:
      - @ConditionalOnThreading found PLATFORM (OnThreadingCondition)

   TaskSchedulingConfigurations.ThreadPoolTaskSchedulerBuilderConfiguration#threadPoolTaskSchedulerBuilder matched:
      - @ConditionalOnMissingBean (types: org.springframework.boot.task.ThreadPoolTaskSchedulerBuilder; SearchStrategy: all) did not find any beans (OnBeanCondition)

   TransactionAutoConfiguration matched:
      - @ConditionalOnClass found required class 'org.springframework.transaction.PlatformTransactionManager' (OnClassCondition)

   TransactionAutoConfiguration.EnableTransactionManagementConfiguration matched:
      - @ConditionalOnBean (types: org.springframework.transaction.TransactionManager; SearchStrategy: all) found bean 'transactionManager'; @ConditionalOnMissingBean (types: org.springframework.transaction.annotation.AbstractTransactionManagementConfiguration; SearchStrategy: all) did not find any beans (OnBeanCondition)

   TransactionAutoConfiguration.EnableTransactionManagementConfiguration.CglibAutoProxyConfiguration matched:
      - @ConditionalOnBooleanProperty (spring.aop.proxy-target-class=true) matched (OnPropertyCondition)

   TransactionAutoConfiguration.TransactionTemplateConfiguration matched:
      - @ConditionalOnSingleCandidate (types: org.springframework.transaction.PlatformTransactionManager; SearchStrategy: all) found a single bean 'transactionManager' (OnBeanCondition)

   TransactionAutoConfiguration.TransactionTemplateConfiguration#transactionTemplate matched:
      - @ConditionalOnMissingBean (types: org.springframework.transaction.support.TransactionOperations; SearchStrategy: all) did not find any beans (OnBeanCondition)

   TransactionManagerCustomizationAutoConfiguration matched:
      - @ConditionalOnClass found required class 'org.springframework.transaction.PlatformTransactionManager' (OnClassCondition)

   TransactionManagerCustomizationAutoConfiguration#platformTransactionManagerCustomizers matched:
      - @ConditionalOnMissingBean (types: org.springframework.boot.autoconfigure.transaction.TransactionManagerCustomizers; SearchStrategy: all) did not find any beans (OnBeanCondition)

   ValidationAutoConfiguration matched:
      - @ConditionalOnClass found required class 'jakarta.validation.executable.ExecutableValidator' (OnClassCondition)
      - @ConditionalOnResource found location classpath:META-INF/services/jakarta.validation.spi.ValidationProvider (OnResourceCondition)

   ValidationAutoConfiguration#defaultValidator matched:
      - @ConditionalOnMissingBean (types: jakarta.validation.Validator; SearchStrategy: all) did not find any beans (OnBeanCondition)

   ValidationAutoConfiguration#methodValidationPostProcessor matched:
      - @ConditionalOnMissingBean (types: org.springframework.validation.beanvalidation.MethodValidationPostProcessor; SearchStrategy: current) did not find any beans (OnBeanCondition)

   WebMvcAutoConfiguration matched:
      - @ConditionalOnClass found required classes 'jakarta.servlet.Servlet', 'org.springframework.web.servlet.DispatcherServlet', 'org.springframework.web.servlet.config.annotation.WebMvcConfigurer' (OnClassCondition)
      - found 'session' scope (OnWebApplicationCondition)
      - @ConditionalOnMissingBean (types: org.springframework.web.servlet.config.annotation.WebMvcConfigurationSupport; SearchStrategy: all) did not find any beans (OnBeanCondition)

   WebMvcAutoConfiguration#formContentFilter matched:
      - @ConditionalOnBooleanProperty (spring.mvc.formcontent.filter.enabled=true) matched (OnPropertyCondition)
      - @ConditionalOnMissingBean (types: org.springframework.web.filter.FormContentFilter; SearchStrategy: all) did not find any beans (OnBeanCondition)

   WebMvcAutoConfiguration.EnableWebMvcConfiguration#flashMapManager matched:
      - @ConditionalOnMissingBean (names: flashMapManager; SearchStrategy: all) did not find any beans (OnBeanCondition)

   WebMvcAutoConfiguration.EnableWebMvcConfiguration#localeResolver matched:
      - @ConditionalOnMissingBean (names: localeResolver; SearchStrategy: all) did not find any beans (OnBeanCondition)

   WebMvcAutoConfiguration.EnableWebMvcConfiguration#themeResolver matched:
      - @ConditionalOnMissingBean (names: themeResolver; SearchStrategy: all) did not find any beans (OnBeanCondition)

   WebMvcAutoConfiguration.EnableWebMvcConfiguration#viewNameTranslator matched:
      - @ConditionalOnMissingBean (names: viewNameTranslator; SearchStrategy: all) did not find any beans (OnBeanCondition)

   WebMvcAutoConfiguration.WebMvcAutoConfigurationAdapter#defaultViewResolver matched:
      - @ConditionalOnMissingBean (types: org.springframework.web.servlet.view.InternalResourceViewResolver; SearchStrategy: all) did not find any beans (OnBeanCondition)

   WebMvcAutoConfiguration.WebMvcAutoConfigurationAdapter#requestContextFilter matched:
      - @ConditionalOnMissingBean (types: org.springframework.web.context.request.RequestContextListener,org.springframework.web.filter.RequestContextFilter; SearchStrategy: all) did not find any beans (OnBeanCondition)

   WebMvcAutoConfiguration.WebMvcAutoConfigurationAdapter#viewResolver matched:
      - @ConditionalOnBean (types: org.springframework.web.servlet.ViewResolver; SearchStrategy: all) found beans 'defaultViewResolver', 'beanNameViewResolver', 'mvcViewResolver'; @ConditionalOnMissingBean (names: viewResolver types: org.springframework.web.servlet.view.ContentNegotiatingViewResolver; SearchStrategy: all) did not find any beans (OnBeanCondition)

   WebSocketServletAutoConfiguration matched:
      - @ConditionalOnClass found required classes 'jakarta.servlet.Servlet', 'jakarta.websocket.server.ServerContainer' (OnClassCondition)
      - found 'session' scope (OnWebApplicationCondition)

   WebSocketServletAutoConfiguration.TomcatWebSocketConfiguration matched:
      - @ConditionalOnClass found required classes 'org.apache.catalina.startup.Tomcat', 'org.apache.tomcat.websocket.server.WsSci' (OnClassCondition)

   WebSocketServletAutoConfiguration.TomcatWebSocketConfiguration#websocketServletWebServerCustomizer matched:
      - @ConditionalOnMissingBean (names: websocketServletWebServerCustomizer; SearchStrategy: all) did not find any beans (OnBeanCondition)


Negative matches:
-----------------

   ActiveMQAutoConfiguration:
      Did not match:
         - @ConditionalOnClass did not find required class 'jakarta.jms.ConnectionFactory' (OnClassCondition)

   AopAutoConfiguration.AspectJAutoProxyingConfiguration.JdkDynamicAutoProxyConfiguration:
      Did not match:
         - @ConditionalOnBooleanProperty (spring.aop.proxy-target-class=false) did not find property 'spring.aop.proxy-target-class' (OnPropertyCondition)

   AopAutoConfiguration.ClassProxyingConfiguration:
      Did not match:
         - @ConditionalOnMissingClass found unwanted class 'org.aspectj.weaver.Advice' (OnClassCondition)

   ArtemisAutoConfiguration:
      Did not match:
         - @ConditionalOnClass did not find required class 'jakarta.jms.ConnectionFactory' (OnClassCondition)

   BatchAutoConfiguration:
      Did not match:
         - @ConditionalOnClass did not find required class 'org.springframework.batch.core.launch.JobLauncher' (OnClassCondition)

   Cache2kCacheConfiguration:
      Did not match:
         - @ConditionalOnClass did not find required class 'org.cache2k.Cache2kBuilder' (OnClassCondition)

   CacheAutoConfiguration:
      Did not match:
         - @ConditionalOnBean (types: org.springframework.cache.interceptor.CacheAspectSupport; SearchStrategy: all) did not find any beans of type org.springframework.cache.interceptor.CacheAspectSupport (OnBeanCondition)
      Matched:
         - @ConditionalOnClass found required class 'org.springframework.cache.CacheManager' (OnClassCondition)

   CacheAutoConfiguration.CacheManagerEntityManagerFactoryDependsOnPostProcessor:
      Did not match:
         - Ancestor org.springframework.boot.autoconfigure.cache.CacheAutoConfiguration did not match (ConditionEvaluationReport.AncestorsMatchedCondition)
      Matched:
         - @ConditionalOnClass found required class 'org.springframework.orm.jpa.LocalContainerEntityManagerFactoryBean' (OnClassCondition)

   CaffeineCacheConfiguration:
      Did not match:
         - @ConditionalOnClass did not find required class 'com.github.benmanes.caffeine.cache.Caffeine' (OnClassCondition)

   CassandraAutoConfiguration:
      Did not match:
         - @ConditionalOnClass did not find required class 'com.datastax.oss.driver.api.core.CqlSession' (OnClassCondition)

   CassandraDataAutoConfiguration:
      Did not match:
         - @ConditionalOnClass did not find required class 'com.datastax.oss.driver.api.core.CqlSession' (OnClassCondition)

   CassandraReactiveDataAutoConfiguration:
      Did not match:
         - @ConditionalOnClass did not find required class 'com.datastax.oss.driver.api.core.CqlSession' (OnClassCondition)

   CassandraReactiveRepositoriesAutoConfiguration:
      Did not match:
         - @ConditionalOnClass did not find required class 'org.springframework.data.cassandra.ReactiveSession' (OnClassCondition)

   CassandraRepositoriesAutoConfiguration:
      Did not match:
         - @ConditionalOnClass did not find required class 'com.datastax.oss.driver.api.core.CqlSession' (OnClassCondition)

   org.springframework.boot.autoconfigure.http.client.reactive.ClientHttpConnectorAutoConfiguration:
      Did not match:
         - @ConditionalOnClass did not find required class 'reactor.core.publisher.Mono' (OnClassCondition)

   org.springframework.boot.autoconfigure.web.reactive.function.client.ClientHttpConnectorAutoConfiguration:
      Did not match:
         - @ConditionalOnClass did not find required class 'org.springframework.web.reactive.function.client.WebClient' (OnClassCondition)

   CodecsAutoConfiguration:
      Did not match:
         - @ConditionalOnClass did not find required class 'org.springframework.web.reactive.function.client.WebClient' (OnClassCondition)

   CouchbaseAutoConfiguration:
      Did not match:
         - @ConditionalOnClass did not find required class 'com.couchbase.client.java.Cluster' (OnClassCondition)

   CouchbaseCacheConfiguration:
      Did not match:
         - @ConditionalOnClass did not find required class 'com.couchbase.client.java.Cluster' (OnClassCondition)

   CouchbaseDataAutoConfiguration:
      Did not match:
         - @ConditionalOnClass did not find required class 'com.couchbase.client.java.Bucket' (OnClassCondition)

   CouchbaseReactiveDataAutoConfiguration:
      Did not match:
         - @ConditionalOnClass did not find required class 'com.couchbase.client.java.Cluster' (OnClassCondition)

   CouchbaseReactiveRepositoriesAutoConfiguration:
      Did not match:
         - @ConditionalOnClass did not find required class 'com.couchbase.client.java.Cluster' (OnClassCondition)

   CouchbaseRepositoriesAutoConfiguration:
      Did not match:
         - @ConditionalOnClass did not find required class 'com.couchbase.client.java.Bucket' (OnClassCondition)

   DataSourceAutoConfiguration.EmbeddedDatabaseConfiguration:
      Did not match:
         - EmbeddedDataSource spring.datasource.url is set (DataSourceAutoConfiguration.EmbeddedDatabaseCondition)

   DataSourceCheckpointRestoreConfiguration:
      Did not match:
         - @ConditionalOnClass did not find required class 'org.crac.Resource' (OnClassCondition)

   DataSourceConfiguration.Dbcp2:
      Did not match:
         - @ConditionalOnClass did not find required class 'org.apache.commons.dbcp2.BasicDataSource' (OnClassCondition)

   DataSourceConfiguration.Generic:
      Did not match:
         - @ConditionalOnProperty (spring.datasource.type) did not find property 'spring.datasource.type' (OnPropertyCondition)

   DataSourceConfiguration.OracleUcp:
      Did not match:
         - @ConditionalOnClass did not find required classes 'oracle.ucp.jdbc.PoolDataSourceImpl', 'oracle.jdbc.OracleConnection' (OnClassCondition)

   DataSourceConfiguration.Tomcat:
      Did not match:
         - @ConditionalOnClass did not find required class 'org.apache.tomcat.jdbc.pool.DataSource' (OnClassCondition)

   DataSourceJmxConfiguration:
      Did not match:
         - @ConditionalOnBooleanProperty (spring.jmx.enabled=true) did not find property 'spring.jmx.enabled' (OnPropertyCondition)

   DataSourcePoolMetadataProvidersConfiguration.CommonsDbcp2PoolDataSourceMetadataProviderConfiguration:
      Did not match:
         - @ConditionalOnClass did not find required class 'org.apache.commons.dbcp2.BasicDataSource' (OnClassCondition)

   DataSourcePoolMetadataProvidersConfiguration.OracleUcpPoolDataSourceMetadataProviderConfiguration:
      Did not match:
         - @ConditionalOnClass did not find required classes 'oracle.ucp.jdbc.PoolDataSource', 'oracle.jdbc.OracleConnection' (OnClassCondition)

   DataSourcePoolMetadataProvidersConfiguration.TomcatDataSourcePoolMetadataProviderConfiguration:
      Did not match:
         - @ConditionalOnClass did not find required class 'org.apache.tomcat.jdbc.pool.DataSource' (OnClassCondition)

   DataSourceTransactionManagerAutoConfiguration.JdbcTransactionManagerConfiguration#transactionManager:
      Did not match:
         - @ConditionalOnMissingBean (types: org.springframework.transaction.TransactionManager; SearchStrategy: all) found beans of type 'org.springframework.transaction.TransactionManager' transactionManager (OnBeanCondition)

   DispatcherServletAutoConfiguration.DispatcherServletConfiguration#multipartResolver:
      Did not match:
         - @ConditionalOnBean (types: org.springframework.web.multipart.MultipartResolver; SearchStrategy: all) did not find any beans of type org.springframework.web.multipart.MultipartResolver (OnBeanCondition)

   ElasticsearchClientAutoConfiguration:
      Did not match:
         - @ConditionalOnClass did not find required class 'co.elastic.clients.elasticsearch.ElasticsearchClient' (OnClassCondition)

   ElasticsearchDataAutoConfiguration:
      Did not match:
         - @ConditionalOnClass did not find required class 'org.springframework.data.elasticsearch.client.elc.ElasticsearchTemplate' (OnClassCondition)

   ElasticsearchRepositoriesAutoConfiguration:
      Did not match:
         - @ConditionalOnClass did not find required class 'org.springframework.data.elasticsearch.repository.ElasticsearchRepository' (OnClassCondition)

   ElasticsearchRestClientAutoConfiguration:
      Did not match:
         - @ConditionalOnClass did not find required class 'org.elasticsearch.client.RestClientBuilder' (OnClassCondition)

   EmbeddedLdapAutoConfiguration:
      Did not match:
         - @ConditionalOnClass did not find required class 'com.unboundid.ldap.listener.InMemoryDirectoryServer' (OnClassCondition)

   EmbeddedWebServerFactoryCustomizerAutoConfiguration.JettyWebServerFactoryCustomizerConfiguration:
      Did not match:
         - @ConditionalOnClass did not find required classes 'org.eclipse.jetty.server.Server', 'org.eclipse.jetty.util.Loader', 'org.eclipse.jetty.ee10.webapp.WebAppContext' (OnClassCondition)

   EmbeddedWebServerFactoryCustomizerAutoConfiguration.NettyWebServerFactoryCustomizerConfiguration:
      Did not match:
         - @ConditionalOnClass did not find required class 'reactor.netty.http.server.HttpServer' (OnClassCondition)

   EmbeddedWebServerFactoryCustomizerAutoConfiguration.TomcatWebServerFactoryCustomizerConfiguration#tomcatVirtualThreadsProtocolHandlerCustomizer:
      Did not match:
         - @ConditionalOnThreading did not find VIRTUAL (OnThreadingCondition)

   EmbeddedWebServerFactoryCustomizerAutoConfiguration.UndertowWebServerFactoryCustomizerConfiguration:
      Did not match:
         - @ConditionalOnClass did not find required classes 'io.undertow.Undertow', 'org.xnio.SslClientAuthMode' (OnClassCondition)

   ErrorWebFluxAutoConfiguration:
      Did not match:
         - @ConditionalOnClass did not find required class 'org.springframework.web.reactive.config.WebFluxConfigurer' (OnClassCondition)

   FlywayAutoConfiguration:
      Did not match:
         - @ConditionalOnClass did not find required class 'org.flywaydb.core.Flyway' (OnClassCondition)

   FreeMarkerAutoConfiguration:
      Did not match:
         - @ConditionalOnClass did not find required class 'freemarker.template.Configuration' (OnClassCondition)

   GraphQlAutoConfiguration:
      Did not match:
         - @ConditionalOnClass did not find required class 'graphql.GraphQL' (OnClassCondition)

   GraphQlQueryByExampleAutoConfiguration:
      Did not match:
         - @ConditionalOnClass did not find required class 'graphql.GraphQL' (OnClassCondition)

   GraphQlQuerydslAutoConfiguration:
      Did not match:
         - @ConditionalOnClass did not find required class 'com.querydsl.core.Query' (OnClassCondition)

   GraphQlRSocketAutoConfiguration:
      Did not match:
         - @ConditionalOnClass did not find required class 'graphql.GraphQL' (OnClassCondition)

   GraphQlReactiveQueryByExampleAutoConfiguration:
      Did not match:
         - @ConditionalOnClass did not find required class 'graphql.GraphQL' (OnClassCondition)

   GraphQlReactiveQuerydslAutoConfiguration:
      Did not match:
         - @ConditionalOnClass did not find required class 'com.querydsl.core.Query' (OnClassCondition)

   GraphQlWebFluxAutoConfiguration:
      Did not match:
         - @ConditionalOnClass did not find required class 'graphql.GraphQL' (OnClassCondition)

   GraphQlWebFluxSecurityAutoConfiguration:
      Did not match:
         - @ConditionalOnClass did not find required class 'graphql.GraphQL' (OnClassCondition)

   GraphQlWebMvcAutoConfiguration:
      Did not match:
         - @ConditionalOnClass did not find required class 'graphql.GraphQL' (OnClassCondition)

   GraphQlWebMvcSecurityAutoConfiguration:
      Did not match:
         - @ConditionalOnClass did not find required class 'graphql.GraphQL' (OnClassCondition)

   GroovyTemplateAutoConfiguration:
      Did not match:
         - @ConditionalOnClass did not find required class 'groovy.text.markup.MarkupTemplateEngine' (OnClassCondition)

   GsonAutoConfiguration:
      Did not match:
         - @ConditionalOnClass did not find required class 'com.google.gson.Gson' (OnClassCondition)

   GsonHttpMessageConvertersConfiguration:
      Did not match:
         - @ConditionalOnClass did not find required class 'com.google.gson.Gson' (OnClassCondition)

   H2ConsoleAutoConfiguration:
      Did not match:
         - @ConditionalOnClass did not find required class 'org.h2.server.web.JakartaWebServlet' (OnClassCondition)

   HazelcastAutoConfiguration:
      Did not match:
         - @ConditionalOnClass did not find required class 'com.hazelcast.core.HazelcastInstance' (OnClassCondition)

   HazelcastCacheConfiguration:
      Did not match:
         - @ConditionalOnClass did not find required class 'com.hazelcast.core.HazelcastInstance' (OnClassCondition)

   HazelcastJpaDependencyAutoConfiguration:
      Did not match:
         - @ConditionalOnClass did not find required class 'com.hazelcast.core.HazelcastInstance' (OnClassCondition)

   HttpHandlerAutoConfiguration:
      Did not match:
         - @ConditionalOnClass did not find required class 'org.springframework.web.reactive.DispatcherHandler' (OnClassCondition)

   HypermediaAutoConfiguration:
      Did not match:
         - @ConditionalOnClass did not find required class 'org.springframework.hateoas.EntityModel' (OnClassCondition)

   InfinispanCacheConfiguration:
      Did not match:
         - @ConditionalOnClass did not find required class 'org.infinispan.spring.embedded.provider.SpringEmbeddedCacheManager' (OnClassCondition)

   IntegrationAutoConfiguration:
      Did not match:
         - @ConditionalOnClass did not find required class 'org.springframework.integration.config.EnableIntegration' (OnClassCondition)

   JCacheCacheConfiguration:
      Did not match:
         - @ConditionalOnClass did not find required class 'javax.cache.Caching' (OnClassCondition)

   JacksonHttpMessageConvertersConfiguration.MappingJackson2XmlHttpMessageConverterConfiguration:
      Did not match:
         - @ConditionalOnClass did not find required class 'com.fasterxml.jackson.dataformat.xml.XmlMapper' (OnClassCondition)

   JdbcRepositoriesAutoConfiguration:
      Did not match:
         - @ConditionalOnClass did not find required class 'org.springframework.data.jdbc.repository.config.AbstractJdbcConfiguration' (OnClassCondition)

   JerseyAutoConfiguration:
      Did not match:
         - @ConditionalOnClass did not find required class 'org.glassfish.jersey.server.spring.SpringComponentProvider' (OnClassCondition)

   JmsAutoConfiguration:
      Did not match:
         - @ConditionalOnClass did not find required class 'jakarta.jms.Message' (OnClassCondition)

   JmxAutoConfiguration:
      Did not match:
         - @ConditionalOnBooleanProperty (spring.jmx.enabled=true) did not find property 'spring.jmx.enabled' (OnPropertyCondition)
      Matched:
         - @ConditionalOnClass found required class 'org.springframework.jmx.export.MBeanExporter' (OnClassCondition)

   JndiConnectionFactoryAutoConfiguration:
      Did not match:
         - @ConditionalOnClass did not find required class 'org.springframework.jms.core.JmsTemplate' (OnClassCondition)

   JndiDataSourceAutoConfiguration:
      Did not match:
         - @ConditionalOnProperty (spring.datasource.jndi-name) did not find property 'spring.datasource.jndi-name' (OnPropertyCondition)
      Matched:
         - @ConditionalOnClass found required classes 'javax.sql.DataSource', 'org.springframework.jdbc.datasource.embedded.EmbeddedDatabaseType' (OnClassCondition)

   JndiJtaConfiguration:
      Did not match:
         - @ConditionalOnJndi JNDI environment is not available (OnJndiCondition)
      Matched:
         - @ConditionalOnClass found required class 'org.springframework.transaction.jta.JtaTransactionManager' (OnClassCondition)

   JooqAutoConfiguration:
      Did not match:
         - @ConditionalOnClass did not find required class 'org.jooq.DSLContext' (OnClassCondition)

   JpaRepositoriesAutoConfiguration#entityManagerFactoryBootstrapExecutorCustomizer:
      Did not match:
         - AnyNestedCondition 0 matched 2 did not; NestedCondition on JpaRepositoriesAutoConfiguration.BootstrapExecutorCondition.LazyBootstrapMode @ConditionalOnProperty (spring.data.jpa.repositories.bootstrap-mode=lazy) did not find property 'spring.data.jpa.repositories.bootstrap-mode'; NestedCondition on JpaRepositoriesAutoConfiguration.BootstrapExecutorCondition.DeferredBootstrapMode @ConditionalOnProperty (spring.data.jpa.repositories.bootstrap-mode=deferred) did not find property 'spring.data.jpa.repositories.bootstrap-mode' (JpaRepositoriesAutoConfiguration.BootstrapExecutorCondition)

   JsonbAutoConfiguration:
      Did not match:
         - @ConditionalOnClass did not find required class 'jakarta.json.bind.Jsonb' (OnClassCondition)

   JsonbHttpMessageConvertersConfiguration:
      Did not match:
         - @ConditionalOnClass did not find required class 'jakarta.json.bind.Jsonb' (OnClassCondition)

   KafkaAutoConfiguration:
      Did not match:
         - @ConditionalOnClass did not find required class 'org.springframework.kafka.core.KafkaTemplate' (OnClassCondition)

   LdapAutoConfiguration:
      Did not match:
         - @ConditionalOnClass did not find required class 'org.springframework.ldap.core.ContextSource' (OnClassCondition)

   LdapRepositoriesAutoConfiguration:
      Did not match:
         - @ConditionalOnClass did not find required class 'org.springframework.data.ldap.repository.LdapRepository' (OnClassCondition)

   LiquibaseAutoConfiguration:
      Did not match:
         - @ConditionalOnClass did not find required class 'liquibase.change.DatabaseChange' (OnClassCondition)

   MailSenderJndiConfiguration:
      Did not match:
         - @ConditionalOnProperty (spring.mail.jndi-name) did not find property 'spring.mail.jndi-name' (OnPropertyCondition)
      Matched:
         - @ConditionalOnClass found required class 'jakarta.mail.Session' (OnClassCondition)

   MailSenderValidatorAutoConfiguration:
      Did not match:
         - @ConditionalOnBooleanProperty (spring.mail.test-connection=true) did not find property 'spring.mail.test-connection' (OnPropertyCondition)

   MessageSourceAutoConfiguration:
      Did not match:
         - ResourceBundle did not find bundle with basename messages (MessageSourceAutoConfiguration.ResourceBundleCondition)

   MongoAutoConfiguration:
      Did not match:
         - @ConditionalOnClass did not find required class 'com.mongodb.client.MongoClient' (OnClassCondition)

   MongoDataAutoConfiguration:
      Did not match:
         - @ConditionalOnClass did not find required class 'com.mongodb.client.MongoClient' (OnClassCondition)

   MongoReactiveAutoConfiguration:
      Did not match:
         - @ConditionalOnClass did not find required class 'com.mongodb.reactivestreams.client.MongoClient' (OnClassCondition)

   MongoReactiveDataAutoConfiguration:
      Did not match:
         - @ConditionalOnClass did not find required class 'com.mongodb.reactivestreams.client.MongoClient' (OnClassCondition)

   MongoReactiveRepositoriesAutoConfiguration:
      Did not match:
         - @ConditionalOnClass did not find required class 'com.mongodb.reactivestreams.client.MongoClient' (OnClassCondition)

   MongoRepositoriesAutoConfiguration:
      Did not match:
         - @ConditionalOnClass did not find required class 'com.mongodb.client.MongoClient' (OnClassCondition)

   MustacheAutoConfiguration:
      Did not match:
         - @ConditionalOnClass did not find required class 'com.samskivert.mustache.Mustache' (OnClassCondition)

   Neo4jAutoConfiguration:
      Did not match:
         - @ConditionalOnClass did not find required class 'org.neo4j.driver.Driver' (OnClassCondition)

   Neo4jDataAutoConfiguration:
      Did not match:
         - @ConditionalOnClass did not find required class 'org.neo4j.driver.Driver' (OnClassCondition)

   Neo4jReactiveDataAutoConfiguration:
      Did not match:
         - @ConditionalOnClass did not find required class 'org.neo4j.driver.Driver' (OnClassCondition)

   Neo4jReactiveRepositoriesAutoConfiguration:
      Did not match:
         - @ConditionalOnClass did not find required class 'org.neo4j.driver.Driver' (OnClassCondition)

   Neo4jRepositoriesAutoConfiguration:
      Did not match:
         - @ConditionalOnClass did not find required class 'org.neo4j.driver.Driver' (OnClassCondition)

   NettyAutoConfiguration:
      Did not match:
         - @ConditionalOnClass did not find required class 'io.netty.util.NettyRuntime' (OnClassCondition)

   OAuth2AuthorizationServerAutoConfiguration:
      Did not match:
         - @ConditionalOnClass did not find required class 'org.springframework.security.oauth2.server.authorization.OAuth2Authorization' (OnClassCondition)

   OAuth2AuthorizationServerJwtAutoConfiguration:
      Did not match:
         - @ConditionalOnClass did not find required class 'com.nimbusds.jose.jwk.source.JWKSource' (OnClassCondition)

   OAuth2ClientAutoConfiguration:
      Did not match:
         - @ConditionalOnClass did not find required class 'org.springframework.security.oauth2.client.registration.ClientRegistration' (OnClassCondition)

   OAuth2ClientWebSecurityAutoConfiguration:
      Did not match:
         - @ConditionalOnClass did not find required class 'org.springframework.security.oauth2.client.web.OAuth2AuthorizedClientRepository' (OnClassCondition)

   OAuth2ResourceServerAutoConfiguration:
      Did not match:
         - @ConditionalOnClass did not find required class 'org.springframework.security.oauth2.server.resource.authentication.BearerTokenAuthenticationToken' (OnClassCondition)

   ProjectInfoAutoConfiguration#buildProperties:
      Did not match:
         - @ConditionalOnResource did not find resource '${spring.info.build.location:classpath:META-INF/build-info.properties}' (OnResourceCondition)

   ProjectInfoAutoConfiguration#gitProperties:
      Did not match:
         - GitResource did not find git info at classpath:git.properties (ProjectInfoAutoConfiguration.GitResourceAvailableCondition)

   PulsarAutoConfiguration:
      Did not match:
         - @ConditionalOnClass did not find required class 'org.apache.pulsar.client.api.PulsarClient' (OnClassCondition)

   PulsarReactiveAutoConfiguration:
      Did not match:
         - @ConditionalOnClass did not find required class 'org.apache.pulsar.client.api.PulsarClient' (OnClassCondition)

   QuartzAutoConfiguration:
      Did not match:
         - @ConditionalOnClass did not find required class 'org.quartz.Scheduler' (OnClassCondition)

   R2dbcAutoConfiguration:
      Did not match:
         - @ConditionalOnClass did not find required class 'io.r2dbc.spi.ConnectionFactory' (OnClassCondition)

   R2dbcDataAutoConfiguration:
      Did not match:
         - @ConditionalOnClass did not find required class 'org.springframework.data.r2dbc.core.R2dbcEntityTemplate' (OnClassCondition)

   R2dbcInitializationConfiguration:
      Did not match:
         - @ConditionalOnClass did not find required classes 'io.r2dbc.spi.ConnectionFactory', 'org.springframework.r2dbc.connection.init.DatabasePopulator' (OnClassCondition)

   R2dbcProxyAutoConfiguration:
      Did not match:
         - @ConditionalOnClass did not find required class 'io.r2dbc.proxy.ProxyConnectionFactory' (OnClassCondition)

   R2dbcRepositoriesAutoConfiguration:
      Did not match:
         - @ConditionalOnClass did not find required class 'io.r2dbc.spi.ConnectionFactory' (OnClassCondition)

   R2dbcTransactionManagerAutoConfiguration:
      Did not match:
         - @ConditionalOnClass did not find required class 'org.springframework.r2dbc.connection.R2dbcTransactionManager' (OnClassCondition)

   RSocketGraphQlClientAutoConfiguration:
      Did not match:
         - @ConditionalOnClass did not find required class 'graphql.GraphQL' (OnClassCondition)

   RSocketMessagingAutoConfiguration:
      Did not match:
         - @ConditionalOnClass did not find required class 'io.rsocket.RSocket' (OnClassCondition)

   RSocketRequesterAutoConfiguration:
      Did not match:
         - @ConditionalOnClass did not find required class 'io.rsocket.RSocket' (OnClassCondition)

   RSocketSecurityAutoConfiguration:
      Did not match:
         - @ConditionalOnClass did not find required class 'org.springframework.security.rsocket.core.SecuritySocketAcceptorInterceptor' (OnClassCondition)

   RSocketServerAutoConfiguration:
      Did not match:
         - @ConditionalOnClass did not find required class 'io.rsocket.core.RSocketServer' (OnClassCondition)

   RSocketStrategiesAutoConfiguration:
      Did not match:
         - @ConditionalOnClass did not find required class 'io.netty.buffer.PooledByteBufAllocator' (OnClassCondition)

   RabbitAutoConfiguration:
      Did not match:
         - @ConditionalOnClass did not find required class 'com.rabbitmq.client.Channel' (OnClassCondition)

   ReactiveElasticsearchClientAutoConfiguration:
      Did not match:
         - @ConditionalOnClass did not find required class 'co.elastic.clients.transport.ElasticsearchTransport' (OnClassCondition)

   ReactiveElasticsearchRepositoriesAutoConfiguration:
      Did not match:
         - @ConditionalOnClass did not find required class 'reactor.core.publisher.Mono' (OnClassCondition)

   ReactiveMultipartAutoConfiguration:
      Did not match:
         - @ConditionalOnClass did not find required class 'org.springframework.web.reactive.config.WebFluxConfigurer' (OnClassCondition)

   ReactiveOAuth2ClientAutoConfiguration:
      Did not match:
         - @ConditionalOnClass did not find required class 'reactor.core.publisher.Flux' (OnClassCondition)

   ReactiveOAuth2ClientWebSecurityAutoConfiguration:
      Did not match:
         - @ConditionalOnClass did not find required class 'reactor.core.publisher.Flux' (OnClassCondition)

   ReactiveOAuth2ResourceServerAutoConfiguration:
      Did not match:
         - @ConditionalOnWebApplication did not find reactive web application classes (OnWebApplicationCondition)

   ReactiveSecurityAutoConfiguration:
      Did not match:
         - @ConditionalOnClass did not find required class 'reactor.core.publisher.Flux' (OnClassCondition)

   ReactiveUserDetailsServiceAutoConfiguration:
      Did not match:
         - AnyNestedCondition 0 matched 2 did not; NestedCondition on ReactiveUserDetailsServiceAutoConfiguration.RSocketEnabledOrReactiveWebApplication.ReactiveWebApplicationCondition did not find reactive web application classes; NestedCondition on ReactiveUserDetailsServiceAutoConfiguration.RSocketEnabledOrReactiveWebApplication.RSocketSecurityEnabledCondition @ConditionalOnBean (types: org.springframework.messaging.rsocket.annotation.support.RSocketMessageHandler; SearchStrategy: all) did not find any beans of type org.springframework.messaging.rsocket.annotation.support.RSocketMessageHandler (ReactiveUserDetailsServiceAutoConfiguration.RSocketEnabledOrReactiveWebApplication)
      Matched:
         - @ConditionalOnClass found required class 'org.springframework.security.authentication.ReactiveAuthenticationManager' (OnClassCondition)
         - AnyNestedCondition 1 matched 2 did not; NestedCondition on ReactiveUserDetailsServiceAutoConfiguration.MissingAlternativeOrUserPropertiesConfigured.PasswordConfigured @ConditionalOnProperty (spring.security.user.password) did not find property 'spring.security.user.password'; NestedCondition on ReactiveUserDetailsServiceAutoConfiguration.MissingAlternativeOrUserPropertiesConfigured.NameConfigured @ConditionalOnProperty (spring.security.user.name) did not find property 'spring.security.user.name'; NestedCondition on ReactiveUserDetailsServiceAutoConfiguration.MissingAlternativeOrUserPropertiesConfigured.MissingAlternative @ConditionalOnMissingClass did not find unwanted classes 'org.springframework.security.oauth2.client.registration.ClientRegistrationRepository', 'org.springframework.security.oauth2.server.resource.introspection.ReactiveOpaqueTokenIntrospector' (ReactiveUserDetailsServiceAutoConfiguration.MissingAlternativeOrUserPropertiesConfigured)

   ReactiveWebServerFactoryAutoConfiguration:
      Did not match:
         - @ConditionalOnWebApplication did not find reactive web application classes (OnWebApplicationCondition)

   ReactorAutoConfiguration:
      Did not match:
         - @ConditionalOnClass did not find required class 'reactor.core.publisher.Hooks' (OnClassCondition)

   RedisAutoConfiguration:
      Did not match:
         - @ConditionalOnClass did not find required class 'org.springframework.data.redis.core.RedisOperations' (OnClassCondition)

   RedisCacheConfiguration:
      Did not match:
         - @ConditionalOnClass did not find required class 'org.springframework.data.redis.connection.RedisConnectionFactory' (OnClassCondition)

   RedisReactiveAutoConfiguration:
      Did not match:
         - @ConditionalOnClass did not find required class 'reactor.core.publisher.Flux' (OnClassCondition)

   RedisRepositoriesAutoConfiguration:
      Did not match:
         - @ConditionalOnClass did not find required class 'org.springframework.data.redis.repository.configuration.EnableRedisRepositories' (OnClassCondition)

   RepositoryRestMvcAutoConfiguration:
      Did not match:
         - @ConditionalOnClass did not find required class 'org.springframework.data.rest.webmvc.config.RepositoryRestMvcConfiguration' (OnClassCondition)

   Saml2RelyingPartyAutoConfiguration:
      Did not match:
         - @ConditionalOnClass did not find required class 'org.springframework.security.saml2.provider.service.registration.RelyingPartyRegistrationRepository' (OnClassCondition)

   SecurityDataConfiguration:
      Did not match:
         - @ConditionalOnClass did not find required class 'org.springframework.security.data.repository.query.SecurityEvaluationContextExtension' (OnClassCondition)

   SendGridAutoConfiguration:
      Did not match:
         - @ConditionalOnClass did not find required class 'com.sendgrid.SendGrid' (OnClassCondition)

   ServletWebServerFactoryAutoConfiguration.ForwardedHeaderFilterConfiguration:
      Did not match:
         - @ConditionalOnProperty (server.forward-headers-strategy=framework) did not find property 'server.forward-headers-strategy' (OnPropertyCondition)

   ServletWebServerFactoryConfiguration.EmbeddedJetty:
      Did not match:
         - @ConditionalOnClass did not find required classes 'org.eclipse.jetty.server.Server', 'org.eclipse.jetty.util.Loader', 'org.eclipse.jetty.ee10.webapp.WebAppContext' (OnClassCondition)

   ServletWebServerFactoryConfiguration.EmbeddedUndertow:
      Did not match:
         - @ConditionalOnClass did not find required classes 'io.undertow.Undertow', 'org.xnio.SslClientAuthMode' (OnClassCondition)

   SessionAutoConfiguration:
      Did not match:
         - @ConditionalOnClass did not find required class 'org.springframework.session.Session' (OnClassCondition)

   SpringApplicationAdminJmxAutoConfiguration:
      Did not match:
         - @ConditionalOnBooleanProperty (spring.application.admin.enabled=true) did not find property 'spring.application.admin.enabled' (OnPropertyCondition)

   SpringBootWebSecurityConfiguration.SecurityFilterChainConfiguration:
      Did not match:
         - AllNestedConditions 1 matched 1 did not; NestedCondition on DefaultWebSecurityCondition.Beans @ConditionalOnMissingBean (types: org.springframework.security.web.SecurityFilterChain; SearchStrategy: all) found beans of type 'org.springframework.security.web.SecurityFilterChain' securityFilterChain; NestedCondition on DefaultWebSecurityCondition.Classes @ConditionalOnClass found required classes 'org.springframework.security.web.SecurityFilterChain', 'org.springframework.security.config.annotation.web.builders.HttpSecurity' (DefaultWebSecurityCondition)

   SpringBootWebSecurityConfiguration.WebSecurityEnablerConfiguration:
      Did not match:
         - @ConditionalOnMissingBean (names: springSecurityFilterChain; SearchStrategy: all) found beans named springSecurityFilterChain (OnBeanCondition)
      Matched:
         - @ConditionalOnClass found required class 'org.springframework.security.config.annotation.web.configuration.EnableWebSecurity' (OnClassCondition)

   TaskExecutorConfigurations.SimpleAsyncTaskExecutorBuilderConfiguration#simpleAsyncTaskExecutorBuilderVirtualThreads:
      Did not match:
         - @ConditionalOnMissingBean (types: org.springframework.boot.task.SimpleAsyncTaskExecutorBuilder; SearchStrategy: all) found beans of type 'org.springframework.boot.task.SimpleAsyncTaskExecutorBuilder' simpleAsyncTaskExecutorBuilder (OnBeanCondition)

   TaskExecutorConfigurations.TaskExecutorConfiguration#applicationTaskExecutorVirtualThreads:
      Did not match:
         - @ConditionalOnThreading did not find VIRTUAL (OnThreadingCondition)

   TaskSchedulingConfigurations.SimpleAsyncTaskSchedulerBuilderConfiguration#simpleAsyncTaskSchedulerBuilderVirtualThreads:
      Did not match:
         - @ConditionalOnMissingBean (types: org.springframework.boot.task.SimpleAsyncTaskSchedulerBuilder; SearchStrategy: all) found beans of type 'org.springframework.boot.task.SimpleAsyncTaskSchedulerBuilder' simpleAsyncTaskSchedulerBuilder (OnBeanCondition)

   TaskSchedulingConfigurations.TaskSchedulerConfiguration#taskSchedulerVirtualThreads:
      Did not match:
         - @ConditionalOnThreading did not find VIRTUAL (OnThreadingCondition)

   ThymeleafAutoConfiguration:
      Did not match:
         - @ConditionalOnClass did not find required class 'org.thymeleaf.spring6.SpringTemplateEngine' (OnClassCondition)

   TransactionAutoConfiguration#transactionalOperator:
      Did not match:
         - @ConditionalOnSingleCandidate (types: org.springframework.transaction.ReactiveTransactionManager; SearchStrategy: all) did not find any beans (OnBeanCondition)

   TransactionAutoConfiguration.AspectJTransactionManagementConfiguration:
      Did not match:
         - @ConditionalOnBean (types: org.springframework.transaction.aspectj.AbstractTransactionAspect; SearchStrategy: all) did not find any beans of type org.springframework.transaction.aspectj.AbstractTransactionAspect (OnBeanCondition)

   TransactionAutoConfiguration.EnableTransactionManagementConfiguration.JdkDynamicAutoProxyConfiguration:
      Did not match:
         - @ConditionalOnBooleanProperty (spring.aop.proxy-target-class=false) did not find property 'spring.aop.proxy-target-class' (OnPropertyCondition)

   UserDetailsServiceAutoConfiguration:
      Did not match:
         - @ConditionalOnMissingBean (types: org.springframework.security.authentication.AuthenticationManager,org.springframework.security.authentication.AuthenticationProvider,org.springframework.security.core.userdetails.UserDetailsService,org.springframework.security.authentication.AuthenticationManagerResolver,org.springframework.security.oauth2.jwt.JwtDecoder; SearchStrategy: all) found beans of type 'org.springframework.security.authentication.AuthenticationManager' authenticationManager and found beans of type 'org.springframework.security.core.userdetails.UserDetailsService' customUserDetailsService and found beans of type 'org.springframework.security.authentication.AuthenticationProvider' authenticationProvider (OnBeanCondition)
      Matched:
         - @ConditionalOnClass found required class 'org.springframework.security.authentication.AuthenticationManager' (OnClassCondition)
         - found 'session' scope (OnWebApplicationCondition)
         - AnyNestedCondition 1 matched 2 did not; NestedCondition on UserDetailsServiceAutoConfiguration.MissingAlternativeOrUserPropertiesConfigured.PasswordConfigured @ConditionalOnProperty (spring.security.user.password) did not find property 'spring.security.user.password'; NestedCondition on UserDetailsServiceAutoConfiguration.MissingAlternativeOrUserPropertiesConfigured.NameConfigured @ConditionalOnProperty (spring.security.user.name) did not find property 'spring.security.user.name'; NestedCondition on UserDetailsServiceAutoConfiguration.MissingAlternativeOrUserPropertiesConfigured.MissingAlternative @ConditionalOnMissingClass did not find unwanted classes 'org.springframework.security.oauth2.client.registration.ClientRegistrationRepository', 'org.springframework.security.oauth2.server.resource.introspection.OpaqueTokenIntrospector', 'org.springframework.security.saml2.provider.service.registration.RelyingPartyRegistrationRepository' (UserDetailsServiceAutoConfiguration.MissingAlternativeOrUserPropertiesConfigured)

   WebClientAutoConfiguration:
      Did not match:
         - @ConditionalOnClass did not find required class 'org.springframework.web.reactive.function.client.WebClient' (OnClassCondition)

   WebFluxAutoConfiguration:
      Did not match:
         - @ConditionalOnClass did not find required class 'org.springframework.web.reactive.config.WebFluxConfigurer' (OnClassCondition)

   WebMvcAutoConfiguration#hiddenHttpMethodFilter:
      Did not match:
         - @ConditionalOnBooleanProperty (spring.mvc.hiddenmethod.filter.enabled=true) did not find property 'spring.mvc.hiddenmethod.filter.enabled' (OnPropertyCondition)

   WebMvcAutoConfiguration.ProblemDetailsErrorHandlingConfiguration:
      Did not match:
         - @ConditionalOnBooleanProperty (spring.mvc.problemdetails.enabled=true) did not find property 'spring.mvc.problemdetails.enabled' (OnPropertyCondition)

   WebMvcAutoConfiguration.ResourceChainCustomizerConfiguration:
      Did not match:
         - @ConditionalOnEnabledResourceChain did not find class org.webjars.WebJarVersionLocator (OnEnabledResourceChainCondition)

   WebMvcAutoConfiguration.WebMvcAutoConfigurationAdapter#beanNameViewResolver:
      Did not match:
         - @ConditionalOnMissingBean (types: org.springframework.web.servlet.view.BeanNameViewResolver; SearchStrategy: all) found beans of type 'org.springframework.web.servlet.view.BeanNameViewResolver' beanNameViewResolver (OnBeanCondition)

   WebServiceTemplateAutoConfiguration:
      Did not match:
         - @ConditionalOnClass did not find required class 'org.springframework.oxm.Marshaller' (OnClassCondition)

   WebServicesAutoConfiguration:
      Did not match:
         - @ConditionalOnClass did not find required class 'org.springframework.ws.transport.http.MessageDispatcherServlet' (OnClassCondition)

   WebSessionIdResolverAutoConfiguration:
      Did not match:
         - @ConditionalOnClass did not find required class 'reactor.core.publisher.Mono' (OnClassCondition)

   WebSocketMessagingAutoConfiguration:
      Did not match:
         - @ConditionalOnClass did not find required class 'org.springframework.web.socket.config.annotation.WebSocketMessageBrokerConfigurer' (OnClassCondition)

   WebSocketReactiveAutoConfiguration:
      Did not match:
         - @ConditionalOnWebApplication did not find reactive web application classes (OnWebApplicationCondition)

   WebSocketServletAutoConfiguration.JettyWebSocketConfiguration:
      Did not match:
         - @ConditionalOnClass did not find required class 'org.eclipse.jetty.ee10.websocket.jakarta.server.config.JakartaWebSocketServletContainerInitializer' (OnClassCondition)

   WebSocketServletAutoConfiguration.UndertowWebSocketConfiguration:
      Did not match:
         - @ConditionalOnClass did not find required class 'io.undertow.websockets.jsr.Bootstrap' (OnClassCondition)

   XADataSourceAutoConfiguration:
      Did not match:
         - @ConditionalOnBean (types: org.springframework.boot.jdbc.XADataSourceWrapper; SearchStrategy: all) did not find any beans of type org.springframework.boot.jdbc.XADataSourceWrapper (OnBeanCondition)
      Matched:
         - @ConditionalOnClass found required classes 'javax.sql.DataSource', 'jakarta.transaction.TransactionManager', 'org.springframework.jdbc.datasource.embedded.EmbeddedDatabaseType' (OnClassCondition)


Exclusions:
-----------

    None


Unconditional classes:
----------------------

    org.springframework.boot.autoconfigure.context.ConfigurationPropertiesAutoConfiguration

    org.springframework.boot.autoconfigure.ssl.SslAutoConfiguration

    org.springframework.boot.autoconfigure.context.LifecycleAutoConfiguration

    org.springframework.boot.autoconfigure.context.PropertyPlaceholderAutoConfiguration

    org.springframework.boot.autoconfigure.availability.ApplicationAvailabilityAutoConfiguration

    org.springframework.boot.autoconfigure.info.ProjectInfoAutoConfiguration



2026-03-06T13:08:30.031+07:00  INFO 29556 --- [auth-service] [           main] c.g.auth_service.AuthServiceApplication  : Started AuthServiceApplication in 4.422 seconds (process running for 4.797)
2026-03-06T13:08:30.034+07:00 DEBUG 29556 --- [auth-service] [           main] o.s.b.a.ApplicationAvailabilityBean      : Application availability state LivenessState changed to CORRECT
2026-03-06T13:08:30.037+07:00 DEBUG 29556 --- [auth-service] [           main] o.s.b.a.ApplicationAvailabilityBean      : Application availability state ReadinessState changed to ACCEPTING_TRAFFIC
null
2026-03-06T13:08:30.186+07:00 DEBUG 29556 --- [auth-service] [   scheduling-1] org.hibernate.SQL                        : 
    select
        rt1_0.id,
        rt1_0.expiry_date,
        rt1_0.token 
    from
        revoked_tokens rt1_0 
    where
        rt1_0.expiry_date<?
Hibernate: 
    select
        rt1_0.id,
        rt1_0.expiry_date,
        rt1_0.token 
    from
        revoked_tokens rt1_0 
    where
        rt1_0.expiry_date<?
Expired tokens cleaned!
2026-03-06T13:10:13.757+07:00  INFO 29556 --- [auth-service] [nio-8083-exec-1] o.a.c.c.C.[Tomcat].[localhost].[/]       : Initializing Spring DispatcherServlet 'dispatcherServlet'
2026-03-06T13:10:13.758+07:00  INFO 29556 --- [auth-service] [nio-8083-exec-1] o.s.web.servlet.DispatcherServlet        : Initializing Servlet 'dispatcherServlet'
2026-03-06T13:10:13.759+07:00 DEBUG 29556 --- [auth-service] [nio-8083-exec-1] o.s.web.servlet.DispatcherServlet        : Detected StandardServletMultipartResolver
2026-03-06T13:10:13.759+07:00 DEBUG 29556 --- [auth-service] [nio-8083-exec-1] o.s.web.servlet.DispatcherServlet        : Detected AcceptHeaderLocaleResolver
2026-03-06T13:10:13.759+07:00 DEBUG 29556 --- [auth-service] [nio-8083-exec-1] o.s.web.servlet.DispatcherServlet        : Detected FixedThemeResolver
2026-03-06T13:10:13.760+07:00 DEBUG 29556 --- [auth-service] [nio-8083-exec-1] o.s.web.servlet.DispatcherServlet        : Detected org.springframework.web.servlet.view.DefaultRequestToViewNameTranslator@69b436a7
2026-03-06T13:10:13.760+07:00 DEBUG 29556 --- [auth-service] [nio-8083-exec-1] o.s.web.servlet.DispatcherServlet        : Detected org.springframework.web.servlet.support.SessionFlashMapManager@52e5ad71
2026-03-06T13:10:13.761+07:00 DEBUG 29556 --- [auth-service] [nio-8083-exec-1] o.s.web.servlet.DispatcherServlet        : enableLoggingRequestDetails='false': request parameters and headers will be masked to prevent unsafe logging of potentially sensitive data
2026-03-06T13:10:13.761+07:00  INFO 29556 --- [auth-service] [nio-8083-exec-1] o.s.web.servlet.DispatcherServlet        : Completed initialization in 2 ms
2026-03-06T13:10:13.826+07:00 DEBUG 29556 --- [auth-service] [nio-8083-exec-1] o.s.web.servlet.DispatcherServlet        : POST "/api/auth/login", parameters={}
2026-03-06T13:10:13.827+07:00 DEBUG 29556 --- [auth-service] [nio-8083-exec-1] s.w.s.m.m.a.RequestMappingHandlerMapping : Mapped to com.group1.auth_service.controller.AuthController#login(LoginRequest)
2026-03-06T13:10:13.971+07:00 DEBUG 29556 --- [auth-service] [nio-8083-exec-1] m.m.a.RequestResponseBodyMethodProcessor : Read "application/json;charset=UTF-8" to [LoginRequest(username=apitest_story, password=123456)]
2026-03-06T13:10:14.044+07:00 DEBUG 29556 --- [auth-service] [nio-8083-exec-1] org.hibernate.SQL                        : 
    select
        u1_0.id,
        u1_0.avatar_url,
        u1_0.created_at,
        u1_0.email,
        u1_0.full_name,
        u1_0.last_login_at,
        u1_0.password,
        u1_0.password_changed_at,
        u1_0.phone,
        u1_0.role_id,
        u1_0.status,
        u1_0.updated_at,
        u1_0.username 
    from
        users u1_0 
    where
        u1_0.username=?
Hibernate: 
    select
        u1_0.id,
        u1_0.avatar_url,
        u1_0.created_at,
        u1_0.email,
        u1_0.full_name,
        u1_0.last_login_at,
        u1_0.password,
        u1_0.password_changed_at,
        u1_0.phone,
        u1_0.role_id,
        u1_0.status,
        u1_0.updated_at,
        u1_0.username 
    from
        users u1_0 
    where
        u1_0.username=?
2026-03-06T13:10:14.055+07:00 DEBUG 29556 --- [auth-service] [nio-8083-exec-1] org.hibernate.SQL                        : 
    select
        r1_0.id,
        r1_0.description,
        r1_0.name 
    from
        roles r1_0 
    where
        r1_0.id=?
Hibernate: 
    select
        r1_0.id,
        r1_0.description,
        r1_0.name 
    from
        roles r1_0 
    where
        r1_0.id=?
2026-03-06T13:10:14.064+07:00  WARN 29556 --- [auth-service] [nio-8083-exec-1] o.s.s.c.bcrypt.BCryptPasswordEncoder     : Encoded password does not look like BCrypt
2026-03-06T13:10:14.076+07:00 DEBUG 29556 --- [auth-service] [nio-8083-exec-1] o.s.w.s.m.m.a.HttpEntityMethodProcessor  : Using 'application/json', given [*/*] and supported [application/json, application/*+json]
2026-03-06T13:10:14.077+07:00 DEBUG 29556 --- [auth-service] [nio-8083-exec-1] o.s.w.s.m.m.a.HttpEntityMethodProcessor  : Writing [{error=Invalid username or passwordnull}]
2026-03-06T13:10:14.084+07:00 DEBUG 29556 --- [auth-service] [nio-8083-exec-1] o.s.web.servlet.DispatcherServlet        : Completed 401 UNAUTHORIZED
2026-03-06T13:10:14.130+07:00 DEBUG 29556 --- [auth-service] [nio-8083-exec-8] o.s.web.servlet.DispatcherServlet        : POST "/api/accounts/forgot-password/request", parameters={}
2026-03-06T13:10:14.131+07:00 DEBUG 29556 --- [auth-service] [nio-8083-exec-8] s.w.s.m.m.a.RequestMappingHandlerMapping : Mapped to com.group1.auth_service.controller.AccountController#requestForgotPassword(ForgotPasswordRequest)
2026-03-06T13:10:14.136+07:00 DEBUG 29556 --- [auth-service] [nio-8083-exec-8] m.m.a.RequestResponseBodyMethodProcessor : Read "application/json;charset=UTF-8" to [ForgotPasswordRequest(email=apitest.story@example.com)]
2026-03-06T13:10:14.162+07:00 DEBUG 29556 --- [auth-service] [nio-8083-exec-8] org.hibernate.SQL                        : 
    select
        count(prr1_0.id) 
    from
        password_reset_requests prr1_0 
    where
        prr1_0.email=? 
        and prr1_0.requested_at>?
Hibernate: 
    select
        count(prr1_0.id) 
    from
        password_reset_requests prr1_0 
    where
        prr1_0.email=? 
        and prr1_0.requested_at>?
2026-03-06T13:10:14.189+07:00 DEBUG 29556 --- [auth-service] [nio-8083-exec-8] org.hibernate.SQL                        : 
    insert 
    into
        password_reset_requests
        (email, requested_at) 
    values
        (?, ?)
Hibernate: 
    insert 
    into
        password_reset_requests
        (email, requested_at) 
    values
        (?, ?)
2026-03-06T13:10:14.199+07:00 DEBUG 29556 --- [auth-service] [nio-8083-exec-8] org.hibernate.SQL                        : 
    select
        u1_0.id,
        u1_0.avatar_url,
        u1_0.created_at,
        u1_0.email,
        u1_0.full_name,
        u1_0.last_login_at,
        u1_0.password,
        u1_0.password_changed_at,
        u1_0.phone,
        u1_0.role_id,
        u1_0.status,
        u1_0.updated_at,
        u1_0.username 
    from
        users u1_0 
    where
        u1_0.email=?
Hibernate: 
    select
        u1_0.id,
        u1_0.avatar_url,
        u1_0.created_at,
        u1_0.email,
        u1_0.full_name,
        u1_0.last_login_at,
        u1_0.password,
        u1_0.password_changed_at,
        u1_0.phone,
        u1_0.role_id,
        u1_0.status,
        u1_0.updated_at,
        u1_0.username 
    from
        users u1_0 
    where
        u1_0.email=?
2026-03-06T13:10:14.200+07:00 DEBUG 29556 --- [auth-service] [nio-8083-exec-8] org.hibernate.SQL                        : 
    select
        r1_0.id,
        r1_0.description,
        r1_0.name 
    from
        roles r1_0 
    where
        r1_0.id=?
Hibernate: 
    select
        r1_0.id,
        r1_0.description,
        r1_0.name 
    from
        roles r1_0 
    where
        r1_0.id=?
2026-03-06T13:10:14.202+07:00 DEBUG 29556 --- [auth-service] [nio-8083-exec-8] org.hibernate.SQL                        : 
    insert 
    into
        password_reset_tokens
        (created_at, expires_at, token_hash, used, used_at, user_id) 
    values
        (?, ?, ?, ?, ?, ?)
Hibernate: 
    insert 
    into
        password_reset_tokens
        (created_at, expires_at, token_hash, used, used_at, user_id) 
    values
        (?, ?, ?, ?, ?, ?)
2026-03-06T13:10:16.971+07:00  WARN 29556 --- [auth-service] [nio-8083-exec-8] c.g.a.service.EmailServiceImpl           : Failed to send reset email to apitest.story@example.com. Token for testing: uaIoGo_HSi4sFZkj15vQ0JM9n-6WMw_XvSS_jSNYzNc
2026-03-06T13:10:16.989+07:00 DEBUG 29556 --- [auth-service] [nio-8083-exec-8] o.s.w.s.m.m.a.HttpEntityMethodProcessor  : Using 'application/json', given [*/*] and supported [application/json, application/*+json]
2026-03-06T13:10:16.991+07:00 DEBUG 29556 --- [auth-service] [nio-8083-exec-8] o.s.w.s.m.m.a.HttpEntityMethodProcessor  : Writing [ApiResponse(success=true, message=Reset link sent to email, data=null)]
2026-03-06T13:10:16.992+07:00 DEBUG 29556 --- [auth-service] [nio-8083-exec-8] o.s.web.servlet.DispatcherServlet        : Completed 200 OK
2026-03-06T13:10:18.582+07:00 DEBUG 29556 --- [auth-service] [nio-8083-exec-9] o.s.web.servlet.DispatcherServlet        : POST "/api/accounts/forgot-password/request", parameters={}
2026-03-06T13:10:18.582+07:00 DEBUG 29556 --- [auth-service] [nio-8083-exec-9] s.w.s.m.m.a.RequestMappingHandlerMapping : Mapped to com.group1.auth_service.controller.AccountController#requestForgotPassword(ForgotPasswordRequest)
2026-03-06T13:10:18.583+07:00 DEBUG 29556 --- [auth-service] [nio-8083-exec-9] m.m.a.RequestResponseBodyMethodProcessor : Read "application/json;charset=UTF-8" to [ForgotPasswordRequest(email=notfound@example.com)]
2026-03-06T13:10:18.585+07:00 DEBUG 29556 --- [auth-service] [nio-8083-exec-9] org.hibernate.SQL                        : 
    select
        count(prr1_0.id) 
    from
        password_reset_requests prr1_0 
    where
        prr1_0.email=? 
        and prr1_0.requested_at>?
Hibernate: 
    select
        count(prr1_0.id) 
    from
        password_reset_requests prr1_0 
    where
        prr1_0.email=? 
        and prr1_0.requested_at>?
2026-03-06T13:10:18.588+07:00 DEBUG 29556 --- [auth-service] [nio-8083-exec-9] org.hibernate.SQL                        : 
    insert 
    into
        password_reset_requests
        (email, requested_at) 
    values
        (?, ?)
Hibernate: 
    insert 
    into
        password_reset_requests
        (email, requested_at) 
    values
        (?, ?)
2026-03-06T13:10:18.595+07:00 DEBUG 29556 --- [auth-service] [nio-8083-exec-9] org.hibernate.SQL                        : 
    select
        u1_0.id,
        u1_0.avatar_url,
        u1_0.created_at,
        u1_0.email,
        u1_0.full_name,
        u1_0.last_login_at,
        u1_0.password,
        u1_0.password_changed_at,
        u1_0.phone,
        u1_0.role_id,
        u1_0.status,
        u1_0.updated_at,
        u1_0.username 
    from
        users u1_0 
    where
        u1_0.email=?
Hibernate: 
    select
        u1_0.id,
        u1_0.avatar_url,
        u1_0.created_at,
        u1_0.email,
        u1_0.full_name,
        u1_0.last_login_at,
        u1_0.password,
        u1_0.password_changed_at,
        u1_0.phone,
        u1_0.role_id,
        u1_0.status,
        u1_0.updated_at,
        u1_0.username 
    from
        users u1_0 
    where
        u1_0.email=?
2026-03-06T13:10:18.602+07:00 DEBUG 29556 --- [auth-service] [nio-8083-exec-9] o.s.w.s.m.m.a.HttpEntityMethodProcessor  : Using 'application/json', given [*/*] and supported [application/json, application/*+json]
2026-03-06T13:10:18.602+07:00 DEBUG 29556 --- [auth-service] [nio-8083-exec-9] o.s.w.s.m.m.a.HttpEntityMethodProcessor  : Writing [ApiResponse(success=true, message=Reset link sent to email, data=null)]
2026-03-06T13:10:18.602+07:00 DEBUG 29556 --- [auth-service] [nio-8083-exec-9] o.s.web.servlet.DispatcherServlet        : Completed 200 OK
2026-03-06T13:10:18.612+07:00 DEBUG 29556 --- [auth-service] [io-8083-exec-10] o.s.web.servlet.DispatcherServlet        : POST "/api/accounts/forgot-password/request", parameters={}
2026-03-06T13:10:18.613+07:00 DEBUG 29556 --- [auth-service] [io-8083-exec-10] s.w.s.m.m.a.RequestMappingHandlerMapping : Mapped to com.group1.auth_service.controller.AccountController#requestForgotPassword(ForgotPasswordRequest)
2026-03-06T13:10:18.614+07:00 DEBUG 29556 --- [auth-service] [io-8083-exec-10] m.m.a.RequestResponseBodyMethodProcessor : Read "application/json;charset=UTF-8" to [ForgotPasswordRequest(email=abc)]
2026-03-06T13:10:18.620+07:00 DEBUG 29556 --- [auth-service] [io-8083-exec-10] .m.m.a.ExceptionHandlerExceptionResolver : Using @ExceptionHandler com.group1.auth_service.exception.GlobalExceptionHandler#handleValidationException(MethodArgumentNotValidException)
2026-03-06T13:10:18.621+07:00 DEBUG 29556 --- [auth-service] [io-8083-exec-10] o.s.w.s.m.m.a.HttpEntityMethodProcessor  : Using 'application/json', given [*/*] and supported [application/json, application/*+json]
2026-03-06T13:10:18.621+07:00 DEBUG 29556 --- [auth-service] [io-8083-exec-10] o.s.w.s.m.m.a.HttpEntityMethodProcessor  : Writing [ApiResponse(success=false, message=Invalid email format, data=null)]
2026-03-06T13:10:18.622+07:00 DEBUG 29556 --- [auth-service] [io-8083-exec-10] .m.m.a.ExceptionHandlerExceptionResolver : Resolved [org.springframework.web.bind.MethodArgumentNotValidException: Validation failed for argument [0] in public org.springframework.http.ResponseEntity<com.group1.auth_service.dto.response.ApiResponse<java.lang.Void>> com.group1.auth_service.controller.AccountController.requestForgotPassword(com.group1.auth_service.dto.request.ForgotPasswordRequest): [Field error in object 'forgotPasswordRequest' on field 'email': rejected value [abc]; codes [Email.forgotPasswordRequest.email,Email.email,Email.java.lang.String,Email]; arguments [org.springframework.context.support.DefaultMessageSourceResolvable: codes [forgotPasswordRequest.email,email]; arguments []; default message [email],[Ljakarta.validation.constraints.Pattern$Flag;@1a34ca85,.*]; default message [Invalid email format]] ]
2026-03-06T13:10:18.622+07:00 DEBUG 29556 --- [auth-service] [io-8083-exec-10] o.s.web.servlet.DispatcherServlet        : Completed 400 BAD_REQUEST
2026-03-06T13:10:18.624+07:00 DEBUG 29556 --- [auth-service] [nio-8083-exec-1] o.s.web.servlet.DispatcherServlet        : POST "/api/accounts/forgot-password/request", parameters={}
2026-03-06T13:10:18.624+07:00 DEBUG 29556 --- [auth-service] [nio-8083-exec-1] s.w.s.m.m.a.RequestMappingHandlerMapping : Mapped to com.group1.auth_service.controller.AccountController#requestForgotPassword(ForgotPasswordRequest)
2026-03-06T13:10:18.625+07:00 DEBUG 29556 --- [auth-service] [nio-8083-exec-1] m.m.a.RequestResponseBodyMethodProcessor : Read "application/json;charset=UTF-8" to [ForgotPasswordRequest(email=)]
2026-03-06T13:10:18.625+07:00 DEBUG 29556 --- [auth-service] [nio-8083-exec-1] .m.m.a.ExceptionHandlerExceptionResolver : Using @ExceptionHandler com.group1.auth_service.exception.GlobalExceptionHandler#handleValidationException(MethodArgumentNotValidException)
2026-03-06T13:10:18.626+07:00 DEBUG 29556 --- [auth-service] [nio-8083-exec-1] o.s.w.s.m.m.a.HttpEntityMethodProcessor  : Using 'application/json', given [*/*] and supported [application/json, application/*+json]
2026-03-06T13:10:18.626+07:00 DEBUG 29556 --- [auth-service] [nio-8083-exec-1] o.s.w.s.m.m.a.HttpEntityMethodProcessor  : Writing [ApiResponse(success=false, message=Email is required, data=null)]
2026-03-06T13:10:18.626+07:00 DEBUG 29556 --- [auth-service] [nio-8083-exec-1] .m.m.a.ExceptionHandlerExceptionResolver : Resolved [org.springframework.web.bind.MethodArgumentNotValidException: Validation failed for argument [0] in public org.springframework.http.ResponseEntity<com.group1.auth_service.dto.response.ApiResponse<java.lang.Void>> com.group1.auth_service.controller.AccountController.requestForgotPassword(com.group1.auth_service.dto.request.ForgotPasswordRequest): [Field error in object 'forgotPasswordRequest' on field 'email': rejected value []; codes [NotBlank.forgotPasswordRequest.email,NotBlank.email,NotBlank.java.lang.String,NotBlank]; arguments [org.springframework.context.support.DefaultMessageSourceResolvable: codes [forgotPasswordRequest.email,email]; arguments []; default message [email]]; default message [Email is required]] ]
2026-03-06T13:10:18.626+07:00 DEBUG 29556 --- [auth-service] [nio-8083-exec-1] o.s.web.servlet.DispatcherServlet        : Completed 400 BAD_REQUEST
2026-03-06T13:10:18.656+07:00 DEBUG 29556 --- [auth-service] [nio-8083-exec-2] o.s.web.servlet.DispatcherServlet        : POST "/api/accounts/forgot-password/request", parameters={}
2026-03-06T13:10:18.657+07:00 DEBUG 29556 --- [auth-service] [nio-8083-exec-2] s.w.s.m.m.a.RequestMappingHandlerMapping : Mapped to com.group1.auth_service.controller.AccountController#requestForgotPassword(ForgotPasswordRequest)
2026-03-06T13:10:18.657+07:00 DEBUG 29556 --- [auth-service] [nio-8083-exec-2] m.m.a.RequestResponseBodyMethodProcessor : Read "application/json;charset=UTF-8" to [ForgotPasswordRequest(email=rate.limit@example.com)]
2026-03-06T13:10:18.659+07:00 DEBUG 29556 --- [auth-service] [nio-8083-exec-2] org.hibernate.SQL                        : 
    select
        count(prr1_0.id) 
    from
        password_reset_requests prr1_0 
    where
        prr1_0.email=? 
        and prr1_0.requested_at>?
Hibernate: 
    select
        count(prr1_0.id) 
    from
        password_reset_requests prr1_0 
    where
        prr1_0.email=? 
        and prr1_0.requested_at>?
2026-03-06T13:10:18.660+07:00 DEBUG 29556 --- [auth-service] [nio-8083-exec-2] org.hibernate.SQL                        : 
    insert 
    into
        password_reset_requests
        (email, requested_at) 
    values
        (?, ?)
Hibernate: 
    insert 
    into
        password_reset_requests
        (email, requested_at) 
    values
        (?, ?)
2026-03-06T13:10:18.661+07:00 DEBUG 29556 --- [auth-service] [nio-8083-exec-2] org.hibernate.SQL                        : 
    select
        u1_0.id,
        u1_0.avatar_url,
        u1_0.created_at,
        u1_0.email,
        u1_0.full_name,
        u1_0.last_login_at,
        u1_0.password,
        u1_0.password_changed_at,
        u1_0.phone,
        u1_0.role_id,
        u1_0.status,
        u1_0.updated_at,
        u1_0.username 
    from
        users u1_0 
    where
        u1_0.email=?
Hibernate: 
    select
        u1_0.id,
        u1_0.avatar_url,
        u1_0.created_at,
        u1_0.email,
        u1_0.full_name,
        u1_0.last_login_at,
        u1_0.password,
        u1_0.password_changed_at,
        u1_0.phone,
        u1_0.role_id,
        u1_0.status,
        u1_0.updated_at,
        u1_0.username 
    from
        users u1_0 
    where
        u1_0.email=?
2026-03-06T13:10:18.664+07:00 DEBUG 29556 --- [auth-service] [nio-8083-exec-2] o.s.w.s.m.m.a.HttpEntityMethodProcessor  : Using 'application/json', given [*/*] and supported [application/json, application/*+json]
2026-03-06T13:10:18.664+07:00 DEBUG 29556 --- [auth-service] [nio-8083-exec-2] o.s.w.s.m.m.a.HttpEntityMethodProcessor  : Writing [ApiResponse(success=true, message=Reset link sent to email, data=null)]
2026-03-06T13:10:18.666+07:00 DEBUG 29556 --- [auth-service] [nio-8083-exec-2] o.s.web.servlet.DispatcherServlet        : Completed 200 OK
2026-03-06T13:10:18.675+07:00 DEBUG 29556 --- [auth-service] [nio-8083-exec-3] o.s.web.servlet.DispatcherServlet        : POST "/api/accounts/forgot-password/request", parameters={}
2026-03-06T13:10:18.675+07:00 DEBUG 29556 --- [auth-service] [nio-8083-exec-3] s.w.s.m.m.a.RequestMappingHandlerMapping : Mapped to com.group1.auth_service.controller.AccountController#requestForgotPassword(ForgotPasswordRequest)
2026-03-06T13:10:18.675+07:00 DEBUG 29556 --- [auth-service] [nio-8083-exec-3] m.m.a.RequestResponseBodyMethodProcessor : Read "application/json;charset=UTF-8" to [ForgotPasswordRequest(email=rate.limit@example.com)]
2026-03-06T13:10:18.677+07:00 DEBUG 29556 --- [auth-service] [nio-8083-exec-3] org.hibernate.SQL                        : 
    select
        count(prr1_0.id) 
    from
        password_reset_requests prr1_0 
    where
        prr1_0.email=? 
        and prr1_0.requested_at>?
Hibernate: 
    select
        count(prr1_0.id) 
    from
        password_reset_requests prr1_0 
    where
        prr1_0.email=? 
        and prr1_0.requested_at>?
2026-03-06T13:10:18.678+07:00 DEBUG 29556 --- [auth-service] [nio-8083-exec-3] org.hibernate.SQL                        : 
    insert 
    into
        password_reset_requests
        (email, requested_at) 
    values
        (?, ?)
Hibernate: 
    insert 
    into
        password_reset_requests
        (email, requested_at) 
    values
        (?, ?)
2026-03-06T13:10:18.679+07:00 DEBUG 29556 --- [auth-service] [nio-8083-exec-3] org.hibernate.SQL                        : 
    select
        u1_0.id,
        u1_0.avatar_url,
        u1_0.created_at,
        u1_0.email,
        u1_0.full_name,
        u1_0.last_login_at,
        u1_0.password,
        u1_0.password_changed_at,
        u1_0.phone,
        u1_0.role_id,
        u1_0.status,
        u1_0.updated_at,
        u1_0.username 
    from
        users u1_0 
    where
        u1_0.email=?
Hibernate: 
    select
        u1_0.id,
        u1_0.avatar_url,
        u1_0.created_at,
        u1_0.email,
        u1_0.full_name,
        u1_0.last_login_at,
        u1_0.password,
        u1_0.password_changed_at,
        u1_0.phone,
        u1_0.role_id,
        u1_0.status,
        u1_0.updated_at,
        u1_0.username 
    from
        users u1_0 
    where
        u1_0.email=?
2026-03-06T13:10:18.684+07:00 DEBUG 29556 --- [auth-service] [nio-8083-exec-3] o.s.w.s.m.m.a.HttpEntityMethodProcessor  : Using 'application/json', given [*/*] and supported [application/json, application/*+json]
2026-03-06T13:10:18.684+07:00 DEBUG 29556 --- [auth-service] [nio-8083-exec-3] o.s.w.s.m.m.a.HttpEntityMethodProcessor  : Writing [ApiResponse(success=true, message=Reset link sent to email, data=null)]
2026-03-06T13:10:18.685+07:00 DEBUG 29556 --- [auth-service] [nio-8083-exec-3] o.s.web.servlet.DispatcherServlet        : Completed 200 OK
2026-03-06T13:10:18.693+07:00 DEBUG 29556 --- [auth-service] [nio-8083-exec-4] o.s.web.servlet.DispatcherServlet        : POST "/api/accounts/forgot-password/request", parameters={}
2026-03-06T13:10:18.694+07:00 DEBUG 29556 --- [auth-service] [nio-8083-exec-4] s.w.s.m.m.a.RequestMappingHandlerMapping : Mapped to com.group1.auth_service.controller.AccountController#requestForgotPassword(ForgotPasswordRequest)
2026-03-06T13:10:18.695+07:00 DEBUG 29556 --- [auth-service] [nio-8083-exec-4] m.m.a.RequestResponseBodyMethodProcessor : Read "application/json;charset=UTF-8" to [ForgotPasswordRequest(email=rate.limit@example.com)]
2026-03-06T13:10:18.697+07:00 DEBUG 29556 --- [auth-service] [nio-8083-exec-4] org.hibernate.SQL                        : 
    select
        count(prr1_0.id) 
    from
        password_reset_requests prr1_0 
    where
        prr1_0.email=? 
        and prr1_0.requested_at>?
Hibernate: 
    select
        count(prr1_0.id) 
    from
        password_reset_requests prr1_0 
    where
        prr1_0.email=? 
        and prr1_0.requested_at>?
2026-03-06T13:10:18.702+07:00 DEBUG 29556 --- [auth-service] [nio-8083-exec-4] org.hibernate.SQL                        : 
    insert 
    into
        password_reset_requests
        (email, requested_at) 
    values
        (?, ?)
Hibernate: 
    insert 
    into
        password_reset_requests
        (email, requested_at) 
    values
        (?, ?)
2026-03-06T13:10:18.706+07:00 DEBUG 29556 --- [auth-service] [nio-8083-exec-4] org.hibernate.SQL                        : 
    select
        u1_0.id,
        u1_0.avatar_url,
        u1_0.created_at,
        u1_0.email,
        u1_0.full_name,
        u1_0.last_login_at,
        u1_0.password,
        u1_0.password_changed_at,
        u1_0.phone,
        u1_0.role_id,
        u1_0.status,
        u1_0.updated_at,
        u1_0.username 
    from
        users u1_0 
    where
        u1_0.email=?
Hibernate: 
    select
        u1_0.id,
        u1_0.avatar_url,
        u1_0.created_at,
        u1_0.email,
        u1_0.full_name,
        u1_0.last_login_at,
        u1_0.password,
        u1_0.password_changed_at,
        u1_0.phone,
        u1_0.role_id,
        u1_0.status,
        u1_0.updated_at,
        u1_0.username 
    from
        users u1_0 
    where
        u1_0.email=?
2026-03-06T13:10:18.710+07:00 DEBUG 29556 --- [auth-service] [nio-8083-exec-4] o.s.w.s.m.m.a.HttpEntityMethodProcessor  : Using 'application/json', given [*/*] and supported [application/json, application/*+json]
2026-03-06T13:10:18.710+07:00 DEBUG 29556 --- [auth-service] [nio-8083-exec-4] o.s.w.s.m.m.a.HttpEntityMethodProcessor  : Writing [ApiResponse(success=true, message=Reset link sent to email, data=null)]
2026-03-06T13:10:18.712+07:00 DEBUG 29556 --- [auth-service] [nio-8083-exec-4] o.s.web.servlet.DispatcherServlet        : Completed 200 OK
2026-03-06T13:10:18.721+07:00 DEBUG 29556 --- [auth-service] [nio-8083-exec-5] o.s.web.servlet.DispatcherServlet        : POST "/api/accounts/forgot-password/request", parameters={}
2026-03-06T13:10:18.722+07:00 DEBUG 29556 --- [auth-service] [nio-8083-exec-5] s.w.s.m.m.a.RequestMappingHandlerMapping : Mapped to com.group1.auth_service.controller.AccountController#requestForgotPassword(ForgotPasswordRequest)
2026-03-06T13:10:18.722+07:00 DEBUG 29556 --- [auth-service] [nio-8083-exec-5] m.m.a.RequestResponseBodyMethodProcessor : Read "application/json;charset=UTF-8" to [ForgotPasswordRequest(email=rate.limit@example.com)]
2026-03-06T13:10:18.723+07:00 DEBUG 29556 --- [auth-service] [nio-8083-exec-5] org.hibernate.SQL                        : 
    select
        count(prr1_0.id) 
    from
        password_reset_requests prr1_0 
    where
        prr1_0.email=? 
        and prr1_0.requested_at>?
Hibernate: 
    select
        count(prr1_0.id) 
    from
        password_reset_requests prr1_0 
    where
        prr1_0.email=? 
        and prr1_0.requested_at>?
2026-03-06T13:10:18.726+07:00 DEBUG 29556 --- [auth-service] [nio-8083-exec-5] .m.m.a.ExceptionHandlerExceptionResolver : Using @ExceptionHandler com.group1.auth_service.exception.GlobalExceptionHandler#handleStatusException(ResponseStatusException)
2026-03-06T13:10:18.726+07:00 DEBUG 29556 --- [auth-service] [nio-8083-exec-5] o.s.w.s.m.m.a.HttpEntityMethodProcessor  : Using 'application/json', given [*/*] and supported [application/json, application/*+json]
2026-03-06T13:10:18.727+07:00 DEBUG 29556 --- [auth-service] [nio-8083-exec-5] o.s.w.s.m.m.a.HttpEntityMethodProcessor  : Writing [ApiResponse(success=false, message=Too many reset requests. Please try again later., data=null)]
2026-03-06T13:10:18.727+07:00 DEBUG 29556 --- [auth-service] [nio-8083-exec-5] .m.m.a.ExceptionHandlerExceptionResolver : Resolved [org.springframework.web.server.ResponseStatusException: 429 TOO_MANY_REQUESTS "Too many reset requests. Please try again later."]
2026-03-06T13:10:18.727+07:00 DEBUG 29556 --- [auth-service] [nio-8083-exec-5] o.s.web.servlet.DispatcherServlet        : Completed 429 TOO_MANY_REQUESTS
2026-03-06T13:10:18.760+07:00 DEBUG 29556 --- [auth-service] [nio-8083-exec-6] o.s.web.servlet.DispatcherServlet        : POST "/api/accounts/forgot-password/request", parameters={}
2026-03-06T13:10:18.761+07:00 DEBUG 29556 --- [auth-service] [nio-8083-exec-6] s.w.s.m.m.a.RequestMappingHandlerMapping : Mapped to com.group1.auth_service.controller.AccountController#requestForgotPassword(ForgotPasswordRequest)
2026-03-06T13:10:18.762+07:00 DEBUG 29556 --- [auth-service] [nio-8083-exec-6] m.m.a.RequestResponseBodyMethodProcessor : Read "application/json;charset=UTF-8" to [ForgotPasswordRequest(email=apitest.story@example.com)]
2026-03-06T13:10:18.764+07:00 DEBUG 29556 --- [auth-service] [nio-8083-exec-6] org.hibernate.SQL                        : 
    select
        count(prr1_0.id) 
    from
        password_reset_requests prr1_0 
    where
        prr1_0.email=? 
        and prr1_0.requested_at>?
Hibernate: 
    select
        count(prr1_0.id) 
    from
        password_reset_requests prr1_0 
    where
        prr1_0.email=? 
        and prr1_0.requested_at>?
2026-03-06T13:10:18.766+07:00 DEBUG 29556 --- [auth-service] [nio-8083-exec-6] org.hibernate.SQL                        : 
    insert 
    into
        password_reset_requests
        (email, requested_at) 
    values
        (?, ?)
Hibernate: 
    insert 
    into
        password_reset_requests
        (email, requested_at) 
    values
        (?, ?)
2026-03-06T13:10:18.771+07:00 DEBUG 29556 --- [auth-service] [nio-8083-exec-6] org.hibernate.SQL                        : 
    select
        u1_0.id,
        u1_0.avatar_url,
        u1_0.created_at,
        u1_0.email,
        u1_0.full_name,
        u1_0.last_login_at,
        u1_0.password,
        u1_0.password_changed_at,
        u1_0.phone,
        u1_0.role_id,
        u1_0.status,
        u1_0.updated_at,
        u1_0.username 
    from
        users u1_0 
    where
        u1_0.email=?
Hibernate: 
    select
        u1_0.id,
        u1_0.avatar_url,
        u1_0.created_at,
        u1_0.email,
        u1_0.full_name,
        u1_0.last_login_at,
        u1_0.password,
        u1_0.password_changed_at,
        u1_0.phone,
        u1_0.role_id,
        u1_0.status,
        u1_0.updated_at,
        u1_0.username 
    from
        users u1_0 
    where
        u1_0.email=?
2026-03-06T13:10:18.772+07:00 DEBUG 29556 --- [auth-service] [nio-8083-exec-6] org.hibernate.SQL                        : 
    select
        r1_0.id,
        r1_0.description,
        r1_0.name 
    from
        roles r1_0 
    where
        r1_0.id=?
Hibernate: 
    select
        r1_0.id,
        r1_0.description,
        r1_0.name 
    from
        roles r1_0 
    where
        r1_0.id=?
2026-03-06T13:10:18.776+07:00 DEBUG 29556 --- [auth-service] [nio-8083-exec-6] org.hibernate.SQL                        : 
    insert 
    into
        password_reset_tokens
        (created_at, expires_at, token_hash, used, used_at, user_id) 
    values
        (?, ?, ?, ?, ?, ?)
Hibernate: 
    insert 
    into
        password_reset_tokens
        (created_at, expires_at, token_hash, used, used_at, user_id) 
    values
        (?, ?, ?, ?, ?, ?)
2026-03-06T13:10:18.779+07:00  WARN 29556 --- [auth-service] [nio-8083-exec-6] c.g.a.service.EmailServiceImpl           : Failed to send reset email to apitest.story@example.com. Token for testing: kNxuJKeNr_NB_3zWVQI_vWcP7XnD8-aD24aJbLVNjJM
2026-03-06T13:10:18.783+07:00 DEBUG 29556 --- [auth-service] [nio-8083-exec-6] o.s.w.s.m.m.a.HttpEntityMethodProcessor  : Using 'application/json', given [*/*] and supported [application/json, application/*+json]
2026-03-06T13:10:18.784+07:00 DEBUG 29556 --- [auth-service] [nio-8083-exec-6] o.s.w.s.m.m.a.HttpEntityMethodProcessor  : Writing [ApiResponse(success=true, message=Reset link sent to email, data=null)]
2026-03-06T13:10:18.784+07:00 DEBUG 29556 --- [auth-service] [nio-8083-exec-6] o.s.web.servlet.DispatcherServlet        : Completed 200 OK
2026-03-06T13:10:20.345+07:00 DEBUG 29556 --- [auth-service] [nio-8083-exec-7] o.s.web.servlet.DispatcherServlet        : POST "/api/accounts/forgot-password/reset", parameters={}
2026-03-06T13:10:20.345+07:00 DEBUG 29556 --- [auth-service] [nio-8083-exec-7] s.w.s.m.m.a.RequestMappingHandlerMapping : Mapped to com.group1.auth_service.controller.AccountController#resetPassword(ResetPasswordRequest)
2026-03-06T13:10:20.346+07:00 DEBUG 29556 --- [auth-service] [nio-8083-exec-7] m.m.a.RequestResponseBodyMethodProcessor : Read "application/json;charset=UTF-8" to [ResetPasswordRequest(email=apitest.story@example.com, token=kNxuJKeNr_NB_3zWVQI_vWcP7XnD8-aD24aJbLVN (truncated)...]
2026-03-06T13:10:20.351+07:00 DEBUG 29556 --- [auth-service] [nio-8083-exec-7] org.hibernate.SQL                        : 
    select
        u1_0.id,
        u1_0.avatar_url,
        u1_0.created_at,
        u1_0.email,
        u1_0.full_name,
        u1_0.last_login_at,
        u1_0.password,
        u1_0.password_changed_at,
        u1_0.phone,
        u1_0.role_id,
        u1_0.status,
        u1_0.updated_at,
        u1_0.username 
    from
        users u1_0 
    where
        u1_0.email=?
Hibernate: 
    select
        u1_0.id,
        u1_0.avatar_url,
        u1_0.created_at,
        u1_0.email,
        u1_0.full_name,
        u1_0.last_login_at,
        u1_0.password,
        u1_0.password_changed_at,
        u1_0.phone,
        u1_0.role_id,
        u1_0.status,
        u1_0.updated_at,
        u1_0.username 
    from
        users u1_0 
    where
        u1_0.email=?
2026-03-06T13:10:20.353+07:00 DEBUG 29556 --- [auth-service] [nio-8083-exec-7] org.hibernate.SQL                        : 
    select
        r1_0.id,
        r1_0.description,
        r1_0.name 
    from
        roles r1_0 
    where
        r1_0.id=?
Hibernate: 
    select
        r1_0.id,
        r1_0.description,
        r1_0.name 
    from
        roles r1_0 
    where
        r1_0.id=?
2026-03-06T13:10:20.357+07:00 DEBUG 29556 --- [auth-service] [nio-8083-exec-7] org.hibernate.SQL                        : 
    select
        prt1_0.id,
        prt1_0.created_at,
        prt1_0.expires_at,
        prt1_0.token_hash,
        prt1_0.used,
        prt1_0.used_at,
        prt1_0.user_id 
    from
        password_reset_tokens prt1_0 
    join
        users u1_0 
            on u1_0.id=prt1_0.user_id 
    where
        prt1_0.token_hash=? 
        and u1_0.id=?
Hibernate: 
    select
        prt1_0.id,
        prt1_0.created_at,
        prt1_0.expires_at,
        prt1_0.token_hash,
        prt1_0.used,
        prt1_0.used_at,
        prt1_0.user_id 
    from
        password_reset_tokens prt1_0 
    join
        users u1_0 
            on u1_0.id=prt1_0.user_id 
    where
        prt1_0.token_hash=? 
        and u1_0.id=?
2026-03-06T13:10:20.360+07:00 DEBUG 29556 --- [auth-service] [nio-8083-exec-7] .m.m.a.ExceptionHandlerExceptionResolver : Using @ExceptionHandler com.group1.auth_service.exception.GlobalExceptionHandler#handleStatusException(ResponseStatusException)
2026-03-06T13:10:20.360+07:00 DEBUG 29556 --- [auth-service] [nio-8083-exec-7] o.s.w.s.m.m.a.HttpEntityMethodProcessor  : Using 'application/json', given [*/*] and supported [application/json, application/*+json]
2026-03-06T13:10:20.360+07:00 DEBUG 29556 --- [auth-service] [nio-8083-exec-7] o.s.w.s.m.m.a.HttpEntityMethodProcessor  : Writing [ApiResponse(success=false, message=Reset link expired, data=null)]
2026-03-06T13:10:20.362+07:00 DEBUG 29556 --- [auth-service] [nio-8083-exec-7] .m.m.a.ExceptionHandlerExceptionResolver : Resolved [org.springframework.web.server.ResponseStatusException: 400 BAD_REQUEST "Reset link expired"]
2026-03-06T13:10:20.362+07:00 DEBUG 29556 --- [auth-service] [nio-8083-exec-7] o.s.web.servlet.DispatcherServlet        : Completed 400 BAD_REQUEST
2026-03-06T13:10:20.390+07:00 DEBUG 29556 --- [auth-service] [nio-8083-exec-8] o.s.web.servlet.DispatcherServlet        : POST "/api/accounts/forgot-password/request", parameters={}
2026-03-06T13:10:20.390+07:00 DEBUG 29556 --- [auth-service] [nio-8083-exec-8] s.w.s.m.m.a.RequestMappingHandlerMapping : Mapped to com.group1.auth_service.controller.AccountController#requestForgotPassword(ForgotPasswordRequest)
2026-03-06T13:10:20.391+07:00 DEBUG 29556 --- [auth-service] [nio-8083-exec-8] m.m.a.RequestResponseBodyMethodProcessor : Read "application/json;charset=UTF-8" to [ForgotPasswordRequest(email=apitest.story@example.com)]
2026-03-06T13:10:20.392+07:00 DEBUG 29556 --- [auth-service] [nio-8083-exec-8] org.hibernate.SQL                        : 
    select
        count(prr1_0.id) 
    from
        password_reset_requests prr1_0 
    where
        prr1_0.email=? 
        and prr1_0.requested_at>?
Hibernate: 
    select
        count(prr1_0.id) 
    from
        password_reset_requests prr1_0 
    where
        prr1_0.email=? 
        and prr1_0.requested_at>?
2026-03-06T13:10:20.394+07:00 DEBUG 29556 --- [auth-service] [nio-8083-exec-8] org.hibernate.SQL                        : 
    insert 
    into
        password_reset_requests
        (email, requested_at) 
    values
        (?, ?)
Hibernate: 
    insert 
    into
        password_reset_requests
        (email, requested_at) 
    values
        (?, ?)
2026-03-06T13:10:20.395+07:00 DEBUG 29556 --- [auth-service] [nio-8083-exec-8] org.hibernate.SQL                        : 
    select
        u1_0.id,
        u1_0.avatar_url,
        u1_0.created_at,
        u1_0.email,
        u1_0.full_name,
        u1_0.last_login_at,
        u1_0.password,
        u1_0.password_changed_at,
        u1_0.phone,
        u1_0.role_id,
        u1_0.status,
        u1_0.updated_at,
        u1_0.username 
    from
        users u1_0 
    where
        u1_0.email=?
Hibernate: 
    select
        u1_0.id,
        u1_0.avatar_url,
        u1_0.created_at,
        u1_0.email,
        u1_0.full_name,
        u1_0.last_login_at,
        u1_0.password,
        u1_0.password_changed_at,
        u1_0.phone,
        u1_0.role_id,
        u1_0.status,
        u1_0.updated_at,
        u1_0.username 
    from
        users u1_0 
    where
        u1_0.email=?
2026-03-06T13:10:20.395+07:00 DEBUG 29556 --- [auth-service] [nio-8083-exec-8] org.hibernate.SQL                        : 
    select
        r1_0.id,
        r1_0.description,
        r1_0.name 
    from
        roles r1_0 
    where
        r1_0.id=?
Hibernate: 
    select
        r1_0.id,
        r1_0.description,
        r1_0.name 
    from
        roles r1_0 
    where
        r1_0.id=?
2026-03-06T13:10:20.397+07:00 DEBUG 29556 --- [auth-service] [nio-8083-exec-8] org.hibernate.SQL                        : 
    insert 
    into
        password_reset_tokens
        (created_at, expires_at, token_hash, used, used_at, user_id) 
    values
        (?, ?, ?, ?, ?, ?)
Hibernate: 
    insert 
    into
        password_reset_tokens
        (created_at, expires_at, token_hash, used, used_at, user_id) 
    values
        (?, ?, ?, ?, ?, ?)
2026-03-06T13:10:20.399+07:00  WARN 29556 --- [auth-service] [nio-8083-exec-8] c.g.a.service.EmailServiceImpl           : Failed to send reset email to apitest.story@example.com. Token for testing: G-kHn1c80XSDJeIv-psWapzESH25b-P5cI-5B0fVQTA
2026-03-06T13:10:20.403+07:00 DEBUG 29556 --- [auth-service] [nio-8083-exec-8] o.s.w.s.m.m.a.HttpEntityMethodProcessor  : Using 'application/json', given [*/*] and supported [application/json, application/*+json]
2026-03-06T13:10:20.404+07:00 DEBUG 29556 --- [auth-service] [nio-8083-exec-8] o.s.w.s.m.m.a.HttpEntityMethodProcessor  : Writing [ApiResponse(success=true, message=Reset link sent to email, data=null)]
2026-03-06T13:10:20.404+07:00 DEBUG 29556 --- [auth-service] [nio-8083-exec-8] o.s.web.servlet.DispatcherServlet        : Completed 200 OK
2026-03-06T13:10:21.944+07:00 DEBUG 29556 --- [auth-service] [nio-8083-exec-9] o.s.web.servlet.DispatcherServlet        : POST "/api/accounts/forgot-password/reset", parameters={}
2026-03-06T13:10:21.944+07:00 DEBUG 29556 --- [auth-service] [nio-8083-exec-9] s.w.s.m.m.a.RequestMappingHandlerMapping : Mapped to com.group1.auth_service.controller.AccountController#resetPassword(ResetPasswordRequest)
2026-03-06T13:10:21.945+07:00 DEBUG 29556 --- [auth-service] [nio-8083-exec-9] m.m.a.RequestResponseBodyMethodProcessor : Read "application/json;charset=UTF-8" to [ResetPasswordRequest(email=apitest.story@example.com, token=G-kHn1c80XSDJeIv-psWapzESH25b-P5cI-5B0fV (truncated)...]
2026-03-06T13:10:21.946+07:00 DEBUG 29556 --- [auth-service] [nio-8083-exec-9] org.hibernate.SQL                        : 
    select
        u1_0.id,
        u1_0.avatar_url,
        u1_0.created_at,
        u1_0.email,
        u1_0.full_name,
        u1_0.last_login_at,
        u1_0.password,
        u1_0.password_changed_at,
        u1_0.phone,
        u1_0.role_id,
        u1_0.status,
        u1_0.updated_at,
        u1_0.username 
    from
        users u1_0 
    where
        u1_0.email=?
Hibernate: 
    select
        u1_0.id,
        u1_0.avatar_url,
        u1_0.created_at,
        u1_0.email,
        u1_0.full_name,
        u1_0.last_login_at,
        u1_0.password,
        u1_0.password_changed_at,
        u1_0.phone,
        u1_0.role_id,
        u1_0.status,
        u1_0.updated_at,
        u1_0.username 
    from
        users u1_0 
    where
        u1_0.email=?
2026-03-06T13:10:21.947+07:00 DEBUG 29556 --- [auth-service] [nio-8083-exec-9] org.hibernate.SQL                        : 
    select
        r1_0.id,
        r1_0.description,
        r1_0.name 
    from
        roles r1_0 
    where
        r1_0.id=?
Hibernate: 
    select
        r1_0.id,
        r1_0.description,
        r1_0.name 
    from
        roles r1_0 
    where
        r1_0.id=?
2026-03-06T13:10:21.951+07:00 DEBUG 29556 --- [auth-service] [nio-8083-exec-9] org.hibernate.SQL                        : 
    select
        prt1_0.id,
        prt1_0.created_at,
        prt1_0.expires_at,
        prt1_0.token_hash,
        prt1_0.used,
        prt1_0.used_at,
        prt1_0.user_id 
    from
        password_reset_tokens prt1_0 
    join
        users u1_0 
            on u1_0.id=prt1_0.user_id 
    where
        prt1_0.token_hash=? 
        and u1_0.id=?
Hibernate: 
    select
        prt1_0.id,
        prt1_0.created_at,
        prt1_0.expires_at,
        prt1_0.token_hash,
        prt1_0.used,
        prt1_0.used_at,
        prt1_0.user_id 
    from
        password_reset_tokens prt1_0 
    join
        users u1_0 
            on u1_0.id=prt1_0.user_id 
    where
        prt1_0.token_hash=? 
        and u1_0.id=?
2026-03-06T13:10:21.952+07:00  WARN 29556 --- [auth-service] [nio-8083-exec-9] o.s.s.c.bcrypt.BCryptPasswordEncoder     : Encoded password does not look like BCrypt
2026-03-06T13:10:22.024+07:00 DEBUG 29556 --- [auth-service] [nio-8083-exec-9] org.hibernate.SQL                        : 
    update
        users 
    set
        avatar_url=?,
        email=?,
        full_name=?,
        last_login_at=?,
        password=?,
        password_changed_at=?,
        phone=?,
        role_id=?,
        status=?,
        updated_at=?,
        username=? 
    where
        id=?
Hibernate: 
    update
        users 
    set
        avatar_url=?,
        email=?,
        full_name=?,
        last_login_at=?,
        password=?,
        password_changed_at=?,
        phone=?,
        role_id=?,
        status=?,
        updated_at=?,
        username=? 
    where
        id=?
2026-03-06T13:10:22.027+07:00 DEBUG 29556 --- [auth-service] [nio-8083-exec-9] org.hibernate.SQL                        : 
    update
        password_reset_tokens 
    set
        created_at=?,
        expires_at=?,
        token_hash=?,
        used=?,
        used_at=?,
        user_id=? 
    where
        id=?
Hibernate: 
    update
        password_reset_tokens 
    set
        created_at=?,
        expires_at=?,
        token_hash=?,
        used=?,
        used_at=?,
        user_id=? 
    where
        id=?
2026-03-06T13:10:22.028+07:00 DEBUG 29556 --- [auth-service] [nio-8083-exec-9] org.hibernate.SQL                        : 
    select
        prt1_0.id,
        prt1_0.created_at,
        prt1_0.expires_at,
        prt1_0.token_hash,
        prt1_0.used,
        prt1_0.used_at,
        prt1_0.user_id 
    from
        password_reset_tokens prt1_0 
    join
        users u1_0 
            on u1_0.id=prt1_0.user_id 
    where
        u1_0.id=? 
        and not(prt1_0.used)
Hibernate: 
    select
        prt1_0.id,
        prt1_0.created_at,
        prt1_0.expires_at,
        prt1_0.token_hash,
        prt1_0.used,
        prt1_0.used_at,
        prt1_0.user_id 
    from
        password_reset_tokens prt1_0 
    join
        users u1_0 
            on u1_0.id=prt1_0.user_id 
    where
        u1_0.id=? 
        and not(prt1_0.used)
2026-03-06T13:10:22.037+07:00 DEBUG 29556 --- [auth-service] [nio-8083-exec-9] o.s.w.s.m.m.a.HttpEntityMethodProcessor  : Using 'application/json', given [*/*] and supported [application/json, application/*+json]
2026-03-06T13:10:22.037+07:00 DEBUG 29556 --- [auth-service] [nio-8083-exec-9] o.s.w.s.m.m.a.HttpEntityMethodProcessor  : Writing [ApiResponse(success=true, message=Password reset successfully, data=null)]
2026-03-06T13:10:22.038+07:00 DEBUG 29556 --- [auth-service] [nio-8083-exec-9] o.s.web.servlet.DispatcherServlet        : Completed 200 OK
2026-03-06T13:10:22.048+07:00 DEBUG 29556 --- [auth-service] [io-8083-exec-10] o.s.web.servlet.DispatcherServlet        : POST "/api/accounts/forgot-password/reset", parameters={}
2026-03-06T13:10:22.051+07:00 DEBUG 29556 --- [auth-service] [io-8083-exec-10] s.w.s.m.m.a.RequestMappingHandlerMapping : Mapped to com.group1.auth_service.controller.AccountController#resetPassword(ResetPasswordRequest)
2026-03-06T13:10:22.053+07:00 DEBUG 29556 --- [auth-service] [io-8083-exec-10] m.m.a.RequestResponseBodyMethodProcessor : Read "application/json;charset=UTF-8" to [ResetPasswordRequest(email=apitest.story@example.com, token=G-kHn1c80XSDJeIv-psWapzESH25b-P5cI-5B0fV (truncated)...]
2026-03-06T13:10:22.055+07:00 DEBUG 29556 --- [auth-service] [io-8083-exec-10] org.hibernate.SQL                        : 
    select
        u1_0.id,
        u1_0.avatar_url,
        u1_0.created_at,
        u1_0.email,
        u1_0.full_name,
        u1_0.last_login_at,
        u1_0.password,
        u1_0.password_changed_at,
        u1_0.phone,
        u1_0.role_id,
        u1_0.status,
        u1_0.updated_at,
        u1_0.username 
    from
        users u1_0 
    where
        u1_0.email=?
Hibernate: 
    select
        u1_0.id,
        u1_0.avatar_url,
        u1_0.created_at,
        u1_0.email,
        u1_0.full_name,
        u1_0.last_login_at,
        u1_0.password,
        u1_0.password_changed_at,
        u1_0.phone,
        u1_0.role_id,
        u1_0.status,
        u1_0.updated_at,
        u1_0.username 
    from
        users u1_0 
    where
        u1_0.email=?
2026-03-06T13:10:22.057+07:00 DEBUG 29556 --- [auth-service] [io-8083-exec-10] org.hibernate.SQL                        : 
    select
        r1_0.id,
        r1_0.description,
        r1_0.name 
    from
        roles r1_0 
    where
        r1_0.id=?
Hibernate: 
    select
        r1_0.id,
        r1_0.description,
        r1_0.name 
    from
        roles r1_0 
    where
        r1_0.id=?
2026-03-06T13:10:22.060+07:00 DEBUG 29556 --- [auth-service] [io-8083-exec-10] org.hibernate.SQL                        : 
    select
        prt1_0.id,
        prt1_0.created_at,
        prt1_0.expires_at,
        prt1_0.token_hash,
        prt1_0.used,
        prt1_0.used_at,
        prt1_0.user_id 
    from
        password_reset_tokens prt1_0 
    join
        users u1_0 
            on u1_0.id=prt1_0.user_id 
    where
        prt1_0.token_hash=? 
        and u1_0.id=?
Hibernate: 
    select
        prt1_0.id,
        prt1_0.created_at,
        prt1_0.expires_at,
        prt1_0.token_hash,
        prt1_0.used,
        prt1_0.used_at,
        prt1_0.user_id 
    from
        password_reset_tokens prt1_0 
    join
        users u1_0 
            on u1_0.id=prt1_0.user_id 
    where
        prt1_0.token_hash=? 
        and u1_0.id=?
2026-03-06T13:10:22.061+07:00 DEBUG 29556 --- [auth-service] [io-8083-exec-10] .m.m.a.ExceptionHandlerExceptionResolver : Using @ExceptionHandler com.group1.auth_service.exception.GlobalExceptionHandler#handleStatusException(ResponseStatusException)
2026-03-06T13:10:22.062+07:00 DEBUG 29556 --- [auth-service] [io-8083-exec-10] o.s.w.s.m.m.a.HttpEntityMethodProcessor  : Using 'application/json', given [*/*] and supported [application/json, application/*+json]
2026-03-06T13:10:22.062+07:00 DEBUG 29556 --- [auth-service] [io-8083-exec-10] o.s.w.s.m.m.a.HttpEntityMethodProcessor  : Writing [ApiResponse(success=false, message=Reset link already used, data=null)]
2026-03-06T13:10:22.063+07:00 DEBUG 29556 --- [auth-service] [io-8083-exec-10] .m.m.a.ExceptionHandlerExceptionResolver : Resolved [org.springframework.web.server.ResponseStatusException: 400 BAD_REQUEST "Reset link already used"]
2026-03-06T13:10:22.064+07:00 DEBUG 29556 --- [auth-service] [io-8083-exec-10] o.s.web.servlet.DispatcherServlet        : Completed 400 BAD_REQUEST
2026-03-06T13:10:22.066+07:00 DEBUG 29556 --- [auth-service] [nio-8083-exec-1] o.s.web.servlet.DispatcherServlet        : POST "/api/auth/login", parameters={}
2026-03-06T13:10:22.066+07:00 DEBUG 29556 --- [auth-service] [nio-8083-exec-1] s.w.s.m.m.a.RequestMappingHandlerMapping : Mapped to com.group1.auth_service.controller.AuthController#login(LoginRequest)
2026-03-06T13:10:22.067+07:00 DEBUG 29556 --- [auth-service] [nio-8083-exec-1] m.m.a.RequestResponseBodyMethodProcessor : Read "application/json;charset=UTF-8" to [LoginRequest(username=apitest_story, password=123456)]
2026-03-06T13:10:22.068+07:00 DEBUG 29556 --- [auth-service] [nio-8083-exec-1] org.hibernate.SQL                        : 
    select
        u1_0.id,
        u1_0.avatar_url,
        u1_0.created_at,
        u1_0.email,
        u1_0.full_name,
        u1_0.last_login_at,
        u1_0.password,
        u1_0.password_changed_at,
        u1_0.phone,
        u1_0.role_id,
        u1_0.status,
        u1_0.updated_at,
        u1_0.username 
    from
        users u1_0 
    where
        u1_0.username=?
Hibernate: 
    select
        u1_0.id,
        u1_0.avatar_url,
        u1_0.created_at,
        u1_0.email,
        u1_0.full_name,
        u1_0.last_login_at,
        u1_0.password,
        u1_0.password_changed_at,
        u1_0.phone,
        u1_0.role_id,
        u1_0.status,
        u1_0.updated_at,
        u1_0.username 
    from
        users u1_0 
    where
        u1_0.username=?
2026-03-06T13:10:22.070+07:00 DEBUG 29556 --- [auth-service] [nio-8083-exec-1] org.hibernate.SQL                        : 
    select
        r1_0.id,
        r1_0.description,
        r1_0.name 
    from
        roles r1_0 
    where
        r1_0.id=?
Hibernate: 
    select
        r1_0.id,
        r1_0.description,
        r1_0.name 
    from
        roles r1_0 
    where
        r1_0.id=?
2026-03-06T13:10:22.129+07:00 DEBUG 29556 --- [auth-service] [nio-8083-exec-1] o.s.w.s.m.m.a.HttpEntityMethodProcessor  : Using 'application/json', given [*/*] and supported [application/json, application/*+json]
2026-03-06T13:10:22.129+07:00 DEBUG 29556 --- [auth-service] [nio-8083-exec-1] o.s.w.s.m.m.a.HttpEntityMethodProcessor  : Writing [{error=Invalid username or passwordnull}]
2026-03-06T13:10:22.130+07:00 DEBUG 29556 --- [auth-service] [nio-8083-exec-1] o.s.web.servlet.DispatcherServlet        : Completed 401 UNAUTHORIZED
2026-03-06T13:10:22.134+07:00 DEBUG 29556 --- [auth-service] [nio-8083-exec-2] o.s.web.servlet.DispatcherServlet        : POST "/api/auth/login", parameters={}
2026-03-06T13:10:22.134+07:00 DEBUG 29556 --- [auth-service] [nio-8083-exec-2] s.w.s.m.m.a.RequestMappingHandlerMapping : Mapped to com.group1.auth_service.controller.AuthController#login(LoginRequest)
2026-03-06T13:10:22.135+07:00 DEBUG 29556 --- [auth-service] [nio-8083-exec-2] m.m.a.RequestResponseBodyMethodProcessor : Read "application/json;charset=UTF-8" to [LoginRequest(username=apitest_story, password=Abc@1234)]
2026-03-06T13:10:22.136+07:00 DEBUG 29556 --- [auth-service] [nio-8083-exec-2] org.hibernate.SQL                        : 
    select
        u1_0.id,
        u1_0.avatar_url,
        u1_0.created_at,
        u1_0.email,
        u1_0.full_name,
        u1_0.last_login_at,
        u1_0.password,
        u1_0.password_changed_at,
        u1_0.phone,
        u1_0.role_id,
        u1_0.status,
        u1_0.updated_at,
        u1_0.username 
    from
        users u1_0 
    where
        u1_0.username=?
Hibernate: 
    select
        u1_0.id,
        u1_0.avatar_url,
        u1_0.created_at,
        u1_0.email,
        u1_0.full_name,
        u1_0.last_login_at,
        u1_0.password,
        u1_0.password_changed_at,
        u1_0.phone,
        u1_0.role_id,
        u1_0.status,
        u1_0.updated_at,
        u1_0.username 
    from
        users u1_0 
    where
        u1_0.username=?
2026-03-06T13:10:22.138+07:00 DEBUG 29556 --- [auth-service] [nio-8083-exec-2] org.hibernate.SQL                        : 
    select
        r1_0.id,
        r1_0.description,
        r1_0.name 
    from
        roles r1_0 
    where
        r1_0.id=?
Hibernate: 
    select
        r1_0.id,
        r1_0.description,
        r1_0.name 
    from
        roles r1_0 
    where
        r1_0.id=?
2026-03-06T13:10:22.233+07:00 DEBUG 29556 --- [auth-service] [nio-8083-exec-2] o.s.w.s.m.m.a.HttpEntityMethodProcessor  : Using 'application/json', given [*/*] and supported [application/json, application/*+json]
2026-03-06T13:10:22.234+07:00 DEBUG 29556 --- [auth-service] [nio-8083-exec-2] o.s.w.s.m.m.a.HttpEntityMethodProcessor  : Writing [{token=eyJhbGciOiJIUzI1NiJ9.eyJzdWIiOiJhcGl0ZXN0X3N0b3J5Iiwicm9sZSI6IlJPTEVfVVNFUiIsImlhdCI6MTc3Mjc3 (truncated)...]
2026-03-06T13:10:22.234+07:00 DEBUG 29556 --- [auth-service] [nio-8083-exec-2] o.s.web.servlet.DispatcherServlet        : Completed 200 OK
2026-03-06T13:10:22.274+07:00 DEBUG 29556 --- [auth-service] [nio-8083-exec-4] o.s.web.servlet.DispatcherServlet        : POST "/api/accounts/forgot-password/request", parameters={}
2026-03-06T13:10:22.275+07:00 DEBUG 29556 --- [auth-service] [nio-8083-exec-4] s.w.s.m.m.a.RequestMappingHandlerMapping : Mapped to com.group1.auth_service.controller.AccountController#requestForgotPassword(ForgotPasswordRequest)
2026-03-06T13:10:22.275+07:00 DEBUG 29556 --- [auth-service] [nio-8083-exec-4] m.m.a.RequestResponseBodyMethodProcessor : Read "application/json;charset=UTF-8" to [ForgotPasswordRequest(email=apitest.story@example.com)]
2026-03-06T13:10:22.276+07:00 DEBUG 29556 --- [auth-service] [nio-8083-exec-4] org.hibernate.SQL                        : 
    select
        count(prr1_0.id) 
    from
        password_reset_requests prr1_0 
    where
        prr1_0.email=? 
        and prr1_0.requested_at>?
Hibernate: 
    select
        count(prr1_0.id) 
    from
        password_reset_requests prr1_0 
    where
        prr1_0.email=? 
        and prr1_0.requested_at>?
2026-03-06T13:10:22.277+07:00 DEBUG 29556 --- [auth-service] [nio-8083-exec-4] org.hibernate.SQL                        : 
    insert 
    into
        password_reset_requests
        (email, requested_at) 
    values
        (?, ?)
Hibernate: 
    insert 
    into
        password_reset_requests
        (email, requested_at) 
    values
        (?, ?)
2026-03-06T13:10:22.279+07:00 DEBUG 29556 --- [auth-service] [nio-8083-exec-4] org.hibernate.SQL                        : 
    select
        u1_0.id,
        u1_0.avatar_url,
        u1_0.created_at,
        u1_0.email,
        u1_0.full_name,
        u1_0.last_login_at,
        u1_0.password,
        u1_0.password_changed_at,
        u1_0.phone,
        u1_0.role_id,
        u1_0.status,
        u1_0.updated_at,
        u1_0.username 
    from
        users u1_0 
    where
        u1_0.email=?
Hibernate: 
    select
        u1_0.id,
        u1_0.avatar_url,
        u1_0.created_at,
        u1_0.email,
        u1_0.full_name,
        u1_0.last_login_at,
        u1_0.password,
        u1_0.password_changed_at,
        u1_0.phone,
        u1_0.role_id,
        u1_0.status,
        u1_0.updated_at,
        u1_0.username 
    from
        users u1_0 
    where
        u1_0.email=?
2026-03-06T13:10:22.280+07:00 DEBUG 29556 --- [auth-service] [nio-8083-exec-4] org.hibernate.SQL                        : 
    select
        r1_0.id,
        r1_0.description,
        r1_0.name 
    from
        roles r1_0 
    where
        r1_0.id=?
Hibernate: 
    select
        r1_0.id,
        r1_0.description,
        r1_0.name 
    from
        roles r1_0 
    where
        r1_0.id=?
2026-03-06T13:10:22.282+07:00 DEBUG 29556 --- [auth-service] [nio-8083-exec-4] org.hibernate.SQL                        : 
    insert 
    into
        password_reset_tokens
        (created_at, expires_at, token_hash, used, used_at, user_id) 
    values
        (?, ?, ?, ?, ?, ?)
Hibernate: 
    insert 
    into
        password_reset_tokens
        (created_at, expires_at, token_hash, used, used_at, user_id) 
    values
        (?, ?, ?, ?, ?, ?)
2026-03-06T13:10:22.283+07:00  WARN 29556 --- [auth-service] [nio-8083-exec-4] c.g.a.service.EmailServiceImpl           : Failed to send reset email to apitest.story@example.com. Token for testing: uBiuLmcs2DbSLJlLt5NJJMNZasU5C7Jk2Qkawge_adc
2026-03-06T13:10:22.287+07:00 DEBUG 29556 --- [auth-service] [nio-8083-exec-4] o.s.w.s.m.m.a.HttpEntityMethodProcessor  : Using 'application/json', given [*/*] and supported [application/json, application/*+json]
2026-03-06T13:10:22.287+07:00 DEBUG 29556 --- [auth-service] [nio-8083-exec-4] o.s.w.s.m.m.a.HttpEntityMethodProcessor  : Writing [ApiResponse(success=true, message=Reset link sent to email, data=null)]
2026-03-06T13:10:22.288+07:00 DEBUG 29556 --- [auth-service] [nio-8083-exec-4] o.s.web.servlet.DispatcherServlet        : Completed 200 OK
2026-03-06T13:10:23.820+07:00 DEBUG 29556 --- [auth-service] [nio-8083-exec-5] o.s.web.servlet.DispatcherServlet        : POST "/api/accounts/forgot-password/reset", parameters={}
2026-03-06T13:10:23.820+07:00 DEBUG 29556 --- [auth-service] [nio-8083-exec-5] s.w.s.m.m.a.RequestMappingHandlerMapping : Mapped to com.group1.auth_service.controller.AccountController#resetPassword(ResetPasswordRequest)
2026-03-06T13:10:23.821+07:00 DEBUG 29556 --- [auth-service] [nio-8083-exec-5] m.m.a.RequestResponseBodyMethodProcessor : Read "application/json;charset=UTF-8" to [ResetPasswordRequest(email=apitest.story@example.com, token=badtoken, newPassword=Def@1234, confirmP (truncated)...]
2026-03-06T13:10:23.823+07:00 DEBUG 29556 --- [auth-service] [nio-8083-exec-5] org.hibernate.SQL                        : 
    select
        u1_0.id,
        u1_0.avatar_url,
        u1_0.created_at,
        u1_0.email,
        u1_0.full_name,
        u1_0.last_login_at,
        u1_0.password,
        u1_0.password_changed_at,
        u1_0.phone,
        u1_0.role_id,
        u1_0.status,
        u1_0.updated_at,
        u1_0.username 
    from
        users u1_0 
    where
        u1_0.email=?
Hibernate: 
    select
        u1_0.id,
        u1_0.avatar_url,
        u1_0.created_at,
        u1_0.email,
        u1_0.full_name,
        u1_0.last_login_at,
        u1_0.password,
        u1_0.password_changed_at,
        u1_0.phone,
        u1_0.role_id,
        u1_0.status,
        u1_0.updated_at,
        u1_0.username 
    from
        users u1_0 
    where
        u1_0.email=?
2026-03-06T13:10:23.825+07:00 DEBUG 29556 --- [auth-service] [nio-8083-exec-5] org.hibernate.SQL                        : 
    select
        r1_0.id,
        r1_0.description,
        r1_0.name 
    from
        roles r1_0 
    where
        r1_0.id=?
Hibernate: 
    select
        r1_0.id,
        r1_0.description,
        r1_0.name 
    from
        roles r1_0 
    where
        r1_0.id=?
2026-03-06T13:10:23.826+07:00 DEBUG 29556 --- [auth-service] [nio-8083-exec-5] org.hibernate.SQL                        : 
    select
        prt1_0.id,
        prt1_0.created_at,
        prt1_0.expires_at,
        prt1_0.token_hash,
        prt1_0.used,
        prt1_0.used_at,
        prt1_0.user_id 
    from
        password_reset_tokens prt1_0 
    join
        users u1_0 
            on u1_0.id=prt1_0.user_id 
    where
        prt1_0.token_hash=? 
        and u1_0.id=?
Hibernate: 
    select
        prt1_0.id,
        prt1_0.created_at,
        prt1_0.expires_at,
        prt1_0.token_hash,
        prt1_0.used,
        prt1_0.used_at,
        prt1_0.user_id 
    from
        password_reset_tokens prt1_0 
    join
        users u1_0 
            on u1_0.id=prt1_0.user_id 
    where
        prt1_0.token_hash=? 
        and u1_0.id=?
2026-03-06T13:10:23.827+07:00 DEBUG 29556 --- [auth-service] [nio-8083-exec-5] .m.m.a.ExceptionHandlerExceptionResolver : Using @ExceptionHandler com.group1.auth_service.exception.GlobalExceptionHandler#handleStatusException(ResponseStatusException)
2026-03-06T13:10:23.828+07:00 DEBUG 29556 --- [auth-service] [nio-8083-exec-5] o.s.w.s.m.m.a.HttpEntityMethodProcessor  : Using 'application/json', given [*/*] and supported [application/json, application/*+json]
2026-03-06T13:10:23.828+07:00 DEBUG 29556 --- [auth-service] [nio-8083-exec-5] o.s.w.s.m.m.a.HttpEntityMethodProcessor  : Writing [ApiResponse(success=false, message=Invalid reset link, data=null)]
2026-03-06T13:10:23.828+07:00 DEBUG 29556 --- [auth-service] [nio-8083-exec-5] .m.m.a.ExceptionHandlerExceptionResolver : Resolved [org.springframework.web.server.ResponseStatusException: 400 BAD_REQUEST "Invalid reset link"]
2026-03-06T13:10:23.829+07:00 DEBUG 29556 --- [auth-service] [nio-8083-exec-5] o.s.web.servlet.DispatcherServlet        : Completed 400 BAD_REQUEST
2026-03-06T13:10:23.831+07:00 DEBUG 29556 --- [auth-service] [nio-8083-exec-6] o.s.web.servlet.DispatcherServlet        : POST "/api/accounts/forgot-password/reset", parameters={}
2026-03-06T13:10:23.831+07:00 DEBUG 29556 --- [auth-service] [nio-8083-exec-6] s.w.s.m.m.a.RequestMappingHandlerMapping : Mapped to com.group1.auth_service.controller.AccountController#resetPassword(ResetPasswordRequest)
2026-03-06T13:10:23.831+07:00 DEBUG 29556 --- [auth-service] [nio-8083-exec-6] m.m.a.RequestResponseBodyMethodProcessor : Read "application/json;charset=UTF-8" to [ResetPasswordRequest(email=apitest.story@example.com, token=uBiuLmcs2DbSLJlLt5NJJMNZasU5C7Jk2Qkawge_ (truncated)...]
2026-03-06T13:10:23.834+07:00 DEBUG 29556 --- [auth-service] [nio-8083-exec-6] .m.m.a.ExceptionHandlerExceptionResolver : Using @ExceptionHandler com.group1.auth_service.exception.GlobalExceptionHandler#handleStatusException(ResponseStatusException)
2026-03-06T13:10:23.834+07:00 DEBUG 29556 --- [auth-service] [nio-8083-exec-6] o.s.w.s.m.m.a.HttpEntityMethodProcessor  : Using 'application/json', given [*/*] and supported [application/json, application/*+json]
2026-03-06T13:10:23.834+07:00 DEBUG 29556 --- [auth-service] [nio-8083-exec-6] o.s.w.s.m.m.a.HttpEntityMethodProcessor  : Writing [ApiResponse(success=false, message=Passwords do not match, data=null)]
2026-03-06T13:10:23.834+07:00 DEBUG 29556 --- [auth-service] [nio-8083-exec-6] .m.m.a.ExceptionHandlerExceptionResolver : Resolved [org.springframework.web.server.ResponseStatusException: 400 BAD_REQUEST "Passwords do not match"]
2026-03-06T13:10:23.834+07:00 DEBUG 29556 --- [auth-service] [nio-8083-exec-6] o.s.web.servlet.DispatcherServlet        : Completed 400 BAD_REQUEST
2026-03-06T13:10:23.844+07:00 DEBUG 29556 --- [auth-service] [nio-8083-exec-7] o.s.web.servlet.DispatcherServlet        : POST "/api/accounts/forgot-password/reset", parameters={}
2026-03-06T13:10:23.844+07:00 DEBUG 29556 --- [auth-service] [nio-8083-exec-7] s.w.s.m.m.a.RequestMappingHandlerMapping : Mapped to com.group1.auth_service.controller.AccountController#resetPassword(ResetPasswordRequest)
2026-03-06T13:10:23.845+07:00 DEBUG 29556 --- [auth-service] [nio-8083-exec-7] m.m.a.RequestResponseBodyMethodProcessor : Read "application/json;charset=UTF-8" to [ResetPasswordRequest(email=apitest.story@example.com, token=uBiuLmcs2DbSLJlLt5NJJMNZasU5C7Jk2Qkawge_ (truncated)...]
2026-03-06T13:10:23.848+07:00 DEBUG 29556 --- [auth-service] [nio-8083-exec-7] .m.m.a.ExceptionHandlerExceptionResolver : Using @ExceptionHandler com.group1.auth_service.exception.GlobalExceptionHandler#handleStatusException(ResponseStatusException)
2026-03-06T13:10:23.848+07:00 DEBUG 29556 --- [auth-service] [nio-8083-exec-7] o.s.w.s.m.m.a.HttpEntityMethodProcessor  : Using 'application/json', given [*/*] and supported [application/json, application/*+json]
2026-03-06T13:10:23.848+07:00 DEBUG 29556 --- [auth-service] [nio-8083-exec-7] o.s.w.s.m.m.a.HttpEntityMethodProcessor  : Writing [ApiResponse(success=false, message=Password must be at least 8 characters and include uppercase, low (truncated)...]
2026-03-06T13:10:23.848+07:00 DEBUG 29556 --- [auth-service] [nio-8083-exec-7] .m.m.a.ExceptionHandlerExceptionResolver : Resolved [org.springframework.web.server.ResponseStatusException: 400 BAD_REQUEST "Password must be at least 8 characters and include uppercase, lowercase, number, and special character"]
2026-03-06T13:10:23.848+07:00 DEBUG 29556 --- [auth-service] [nio-8083-exec-7] o.s.web.servlet.DispatcherServlet        : Completed 400 BAD_REQUEST
2026-03-06T13:10:23.851+07:00 DEBUG 29556 --- [auth-service] [nio-8083-exec-8] o.s.web.servlet.DispatcherServlet        : POST "/api/accounts/forgot-password/reset", parameters={}
2026-03-06T13:10:23.852+07:00 DEBUG 29556 --- [auth-service] [nio-8083-exec-8] s.w.s.m.m.a.RequestMappingHandlerMapping : Mapped to com.group1.auth_service.controller.AccountController#resetPassword(ResetPasswordRequest)
2026-03-06T13:10:23.852+07:00 DEBUG 29556 --- [auth-service] [nio-8083-exec-8] m.m.a.RequestResponseBodyMethodProcessor : Read "application/json;charset=UTF-8" to [ResetPasswordRequest(email=apitest.story@example.com, token=uBiuLmcs2DbSLJlLt5NJJMNZasU5C7Jk2Qkawge_ (truncated)...]
2026-03-06T13:10:23.854+07:00 DEBUG 29556 --- [auth-service] [nio-8083-exec-8] .m.m.a.ExceptionHandlerExceptionResolver : Using @ExceptionHandler com.group1.auth_service.exception.GlobalExceptionHandler#handleStatusException(ResponseStatusException)
2026-03-06T13:10:23.855+07:00 DEBUG 29556 --- [auth-service] [nio-8083-exec-8] o.s.w.s.m.m.a.HttpEntityMethodProcessor  : Using 'application/json', given [*/*] and supported [application/json, application/*+json]
2026-03-06T13:10:23.855+07:00 DEBUG 29556 --- [auth-service] [nio-8083-exec-8] o.s.w.s.m.m.a.HttpEntityMethodProcessor  : Writing [ApiResponse(success=false, message=Password must be at least 8 characters and include uppercase, low (truncated)...]
2026-03-06T13:10:23.855+07:00 DEBUG 29556 --- [auth-service] [nio-8083-exec-8] .m.m.a.ExceptionHandlerExceptionResolver : Resolved [org.springframework.web.server.ResponseStatusException: 400 BAD_REQUEST "Password must be at least 8 characters and include uppercase, lowercase, number, and special character"]
2026-03-06T13:10:23.855+07:00 DEBUG 29556 --- [auth-service] [nio-8083-exec-8] o.s.web.servlet.DispatcherServlet        : Completed 400 BAD_REQUEST
2026-03-06T13:10:23.857+07:00 DEBUG 29556 --- [auth-service] [nio-8083-exec-9] o.s.web.servlet.DispatcherServlet        : POST "/api/accounts/forgot-password/reset", parameters={}
2026-03-06T13:10:23.857+07:00 DEBUG 29556 --- [auth-service] [nio-8083-exec-9] s.w.s.m.m.a.RequestMappingHandlerMapping : Mapped to com.group1.auth_service.controller.AccountController#resetPassword(ResetPasswordRequest)
2026-03-06T13:10:23.857+07:00 DEBUG 29556 --- [auth-service] [nio-8083-exec-9] m.m.a.RequestResponseBodyMethodProcessor : Read "application/json;charset=UTF-8" to [ResetPasswordRequest(email=apitest.story@example.com, token=uBiuLmcs2DbSLJlLt5NJJMNZasU5C7Jk2Qkawge_ (truncated)...]
2026-03-06T13:10:23.859+07:00 DEBUG 29556 --- [auth-service] [nio-8083-exec-9] .m.m.a.ExceptionHandlerExceptionResolver : Using @ExceptionHandler com.group1.auth_service.exception.GlobalExceptionHandler#handleStatusException(ResponseStatusException)
2026-03-06T13:10:23.859+07:00 DEBUG 29556 --- [auth-service] [nio-8083-exec-9] o.s.w.s.m.m.a.HttpEntityMethodProcessor  : Using 'application/json', given [*/*] and supported [application/json, application/*+json]
2026-03-06T13:10:23.859+07:00 DEBUG 29556 --- [auth-service] [nio-8083-exec-9] o.s.w.s.m.m.a.HttpEntityMethodProcessor  : Writing [ApiResponse(success=false, message=Password must be at least 8 characters and include uppercase, low (truncated)...]
2026-03-06T13:10:23.860+07:00 DEBUG 29556 --- [auth-service] [nio-8083-exec-9] .m.m.a.ExceptionHandlerExceptionResolver : Resolved [org.springframework.web.server.ResponseStatusException: 400 BAD_REQUEST "Password must be at least 8 characters and include uppercase, lowercase, number, and special character"]
2026-03-06T13:10:23.860+07:00 DEBUG 29556 --- [auth-service] [nio-8083-exec-9] o.s.web.servlet.DispatcherServlet        : Completed 400 BAD_REQUEST
2026-03-06T13:10:23.861+07:00 DEBUG 29556 --- [auth-service] [io-8083-exec-10] o.s.web.servlet.DispatcherServlet        : POST "/api/accounts/forgot-password/reset", parameters={}
2026-03-06T13:10:23.862+07:00 DEBUG 29556 --- [auth-service] [io-8083-exec-10] s.w.s.m.m.a.RequestMappingHandlerMapping : Mapped to com.group1.auth_service.controller.AccountController#resetPassword(ResetPasswordRequest)
2026-03-06T13:10:23.862+07:00 DEBUG 29556 --- [auth-service] [io-8083-exec-10] m.m.a.RequestResponseBodyMethodProcessor : Read "application/json;charset=UTF-8" to [ResetPasswordRequest(email=apitest.story@example.com, token=uBiuLmcs2DbSLJlLt5NJJMNZasU5C7Jk2Qkawge_ (truncated)...]
2026-03-06T13:10:23.862+07:00 DEBUG 29556 --- [auth-service] [io-8083-exec-10] .m.m.a.ExceptionHandlerExceptionResolver : Using @ExceptionHandler com.group1.auth_service.exception.GlobalExceptionHandler#handleStatusException(ResponseStatusException)
2026-03-06T13:10:23.863+07:00 DEBUG 29556 --- [auth-service] [io-8083-exec-10] o.s.w.s.m.m.a.HttpEntityMethodProcessor  : Using 'application/json', given [*/*] and supported [application/json, application/*+json]
2026-03-06T13:10:23.863+07:00 DEBUG 29556 --- [auth-service] [io-8083-exec-10] o.s.w.s.m.m.a.HttpEntityMethodProcessor  : Writing [ApiResponse(success=false, message=Password must be at least 8 characters and include uppercase, low (truncated)...]
2026-03-06T13:10:23.863+07:00 DEBUG 29556 --- [auth-service] [io-8083-exec-10] .m.m.a.ExceptionHandlerExceptionResolver : Resolved [org.springframework.web.server.ResponseStatusException: 400 BAD_REQUEST "Password must be at least 8 characters and include uppercase, lowercase, number, and special character"]
2026-03-06T13:10:23.863+07:00 DEBUG 29556 --- [auth-service] [io-8083-exec-10] o.s.web.servlet.DispatcherServlet        : Completed 400 BAD_REQUEST
2026-03-06T13:10:23.865+07:00 DEBUG 29556 --- [auth-service] [nio-8083-exec-1] o.s.web.servlet.DispatcherServlet        : POST "/api/accounts/forgot-password/reset", parameters={}
2026-03-06T13:10:23.866+07:00 DEBUG 29556 --- [auth-service] [nio-8083-exec-1] s.w.s.m.m.a.RequestMappingHandlerMapping : Mapped to com.group1.auth_service.controller.AccountController#resetPassword(ResetPasswordRequest)
2026-03-06T13:10:23.867+07:00 DEBUG 29556 --- [auth-service] [nio-8083-exec-1] m.m.a.RequestResponseBodyMethodProcessor : Read "application/json;charset=UTF-8" to [ResetPasswordRequest(email=apitest.story@example.com, token=uBiuLmcs2DbSLJlLt5NJJMNZasU5C7Jk2Qkawge_ (truncated)...]
2026-03-06T13:10:23.868+07:00 DEBUG 29556 --- [auth-service] [nio-8083-exec-1] .m.m.a.ExceptionHandlerExceptionResolver : Using @ExceptionHandler com.group1.auth_service.exception.GlobalExceptionHandler#handleStatusException(ResponseStatusException)
2026-03-06T13:10:23.868+07:00 DEBUG 29556 --- [auth-service] [nio-8083-exec-1] o.s.w.s.m.m.a.HttpEntityMethodProcessor  : Using 'application/json', given [*/*] and supported [application/json, application/*+json]
2026-03-06T13:10:23.868+07:00 DEBUG 29556 --- [auth-service] [nio-8083-exec-1] o.s.w.s.m.m.a.HttpEntityMethodProcessor  : Writing [ApiResponse(success=false, message=Password must be at least 8 characters and include uppercase, low (truncated)...]
2026-03-06T13:10:23.868+07:00 DEBUG 29556 --- [auth-service] [nio-8083-exec-1] .m.m.a.ExceptionHandlerExceptionResolver : Resolved [org.springframework.web.server.ResponseStatusException: 400 BAD_REQUEST "Password must be at least 8 characters and include uppercase, lowercase, number, and special character"]
2026-03-06T13:10:23.868+07:00 DEBUG 29556 --- [auth-service] [nio-8083-exec-1] o.s.web.servlet.DispatcherServlet        : Completed 400 BAD_REQUEST
2026-03-06T13:10:23.870+07:00 DEBUG 29556 --- [auth-service] [nio-8083-exec-2] o.s.web.servlet.DispatcherServlet        : POST "/api/accounts/forgot-password/reset", parameters={}
2026-03-06T13:10:23.871+07:00 DEBUG 29556 --- [auth-service] [nio-8083-exec-2] s.w.s.m.m.a.RequestMappingHandlerMapping : Mapped to com.group1.auth_service.controller.AccountController#resetPassword(ResetPasswordRequest)
2026-03-06T13:10:23.871+07:00 DEBUG 29556 --- [auth-service] [nio-8083-exec-2] m.m.a.RequestResponseBodyMethodProcessor : Read "application/json;charset=UTF-8" to [ResetPasswordRequest(email=apitest.story@example.com, token=uBiuLmcs2DbSLJlLt5NJJMNZasU5C7Jk2Qkawge_ (truncated)...]
2026-03-06T13:10:23.872+07:00 DEBUG 29556 --- [auth-service] [nio-8083-exec-2] org.hibernate.SQL                        : 
    select
        u1_0.id,
        u1_0.avatar_url,
        u1_0.created_at,
        u1_0.email,
        u1_0.full_name,
        u1_0.last_login_at,
        u1_0.password,
        u1_0.password_changed_at,
        u1_0.phone,
        u1_0.role_id,
        u1_0.status,
        u1_0.updated_at,
        u1_0.username 
    from
        users u1_0 
    where
        u1_0.email=?
Hibernate: 
    select
        u1_0.id,
        u1_0.avatar_url,
        u1_0.created_at,
        u1_0.email,
        u1_0.full_name,
        u1_0.last_login_at,
        u1_0.password,
        u1_0.password_changed_at,
        u1_0.phone,
        u1_0.role_id,
        u1_0.status,
        u1_0.updated_at,
        u1_0.username 
    from
        users u1_0 
    where
        u1_0.email=?
2026-03-06T13:10:23.873+07:00 DEBUG 29556 --- [auth-service] [nio-8083-exec-2] org.hibernate.SQL                        : 
    select
        r1_0.id,
        r1_0.description,
        r1_0.name 
    from
        roles r1_0 
    where
        r1_0.id=?
Hibernate: 
    select
        r1_0.id,
        r1_0.description,
        r1_0.name 
    from
        roles r1_0 
    where
        r1_0.id=?
2026-03-06T13:10:23.875+07:00 DEBUG 29556 --- [auth-service] [nio-8083-exec-2] org.hibernate.SQL                        : 
    select
        prt1_0.id,
        prt1_0.created_at,
        prt1_0.expires_at,
        prt1_0.token_hash,
        prt1_0.used,
        prt1_0.used_at,
        prt1_0.user_id 
    from
        password_reset_tokens prt1_0 
    join
        users u1_0 
            on u1_0.id=prt1_0.user_id 
    where
        prt1_0.token_hash=? 
        and u1_0.id=?
Hibernate: 
    select
        prt1_0.id,
        prt1_0.created_at,
        prt1_0.expires_at,
        prt1_0.token_hash,
        prt1_0.used,
        prt1_0.used_at,
        prt1_0.user_id 
    from
        password_reset_tokens prt1_0 
    join
        users u1_0 
            on u1_0.id=prt1_0.user_id 
    where
        prt1_0.token_hash=? 
        and u1_0.id=?
2026-03-06T13:10:23.922+07:00 DEBUG 29556 --- [auth-service] [nio-8083-exec-2] .m.m.a.ExceptionHandlerExceptionResolver : Using @ExceptionHandler com.group1.auth_service.exception.GlobalExceptionHandler#handleStatusException(ResponseStatusException)
2026-03-06T13:10:23.923+07:00 DEBUG 29556 --- [auth-service] [nio-8083-exec-2] o.s.w.s.m.m.a.HttpEntityMethodProcessor  : Using 'application/json', given [*/*] and supported [application/json, application/*+json]
2026-03-06T13:10:23.923+07:00 DEBUG 29556 --- [auth-service] [nio-8083-exec-2] o.s.w.s.m.m.a.HttpEntityMethodProcessor  : Writing [ApiResponse(success=false, message=New password must be different from current password, data=null)]
2026-03-06T13:10:23.923+07:00 DEBUG 29556 --- [auth-service] [nio-8083-exec-2] .m.m.a.ExceptionHandlerExceptionResolver : Resolved [org.springframework.web.server.ResponseStatusException: 400 BAD_REQUEST "New password must be different from current password"]
2026-03-06T13:10:23.923+07:00 DEBUG 29556 --- [auth-service] [nio-8083-exec-2] o.s.web.servlet.DispatcherServlet        : Completed 400 BAD_REQUEST
2026-03-06T13:11:10.500+07:00 DEBUG 29556 --- [auth-service] [nio-8083-exec-3] o.s.web.servlet.DispatcherServlet        : POST "/api/auth/login", parameters={}
2026-03-06T13:11:10.500+07:00 DEBUG 29556 --- [auth-service] [nio-8083-exec-3] s.w.s.m.m.a.RequestMappingHandlerMapping : Mapped to com.group1.auth_service.controller.AuthController#login(LoginRequest)
2026-03-06T13:11:10.501+07:00 DEBUG 29556 --- [auth-service] [nio-8083-exec-3] m.m.a.RequestResponseBodyMethodProcessor : Read "application/json;charset=UTF-8" to [LoginRequest(username=apitest_story, password=123456)]
2026-03-06T13:11:10.502+07:00 DEBUG 29556 --- [auth-service] [nio-8083-exec-3] org.hibernate.SQL                        : 
    select
        u1_0.id,
        u1_0.avatar_url,
        u1_0.created_at,
        u1_0.email,
        u1_0.full_name,
        u1_0.last_login_at,
        u1_0.password,
        u1_0.password_changed_at,
        u1_0.phone,
        u1_0.role_id,
        u1_0.status,
        u1_0.updated_at,
        u1_0.username 
    from
        users u1_0 
    where
        u1_0.username=?
Hibernate: 
    select
        u1_0.id,
        u1_0.avatar_url,
        u1_0.created_at,
        u1_0.email,
        u1_0.full_name,
        u1_0.last_login_at,
        u1_0.password,
        u1_0.password_changed_at,
        u1_0.phone,
        u1_0.role_id,
        u1_0.status,
        u1_0.updated_at,
        u1_0.username 
    from
        users u1_0 
    where
        u1_0.username=?
2026-03-06T13:11:10.504+07:00 DEBUG 29556 --- [auth-service] [nio-8083-exec-3] org.hibernate.SQL                        : 
    select
        r1_0.id,
        r1_0.description,
        r1_0.name 
    from
        roles r1_0 
    where
        r1_0.id=?
Hibernate: 
    select
        r1_0.id,
        r1_0.description,
        r1_0.name 
    from
        roles r1_0 
    where
        r1_0.id=?
2026-03-06T13:11:10.505+07:00  WARN 29556 --- [auth-service] [nio-8083-exec-3] o.s.s.c.bcrypt.BCryptPasswordEncoder     : Encoded password does not look like BCrypt
2026-03-06T13:11:10.505+07:00 DEBUG 29556 --- [auth-service] [nio-8083-exec-3] o.s.w.s.m.m.a.HttpEntityMethodProcessor  : Using 'application/json', given [*/*] and supported [application/json, application/*+json]
2026-03-06T13:11:10.505+07:00 DEBUG 29556 --- [auth-service] [nio-8083-exec-3] o.s.w.s.m.m.a.HttpEntityMethodProcessor  : Writing [{error=Invalid username or passwordnull}]
2026-03-06T13:11:10.506+07:00 DEBUG 29556 --- [auth-service] [nio-8083-exec-3] o.s.web.servlet.DispatcherServlet        : Completed 401 UNAUTHORIZED
2026-03-06T13:11:26.289+07:00 DEBUG 29556 --- [auth-service] [nio-8083-exec-5] o.s.web.servlet.DispatcherServlet        : POST "/api/auth/login", parameters={}
2026-03-06T13:11:26.290+07:00 DEBUG 29556 --- [auth-service] [nio-8083-exec-5] s.w.s.m.m.a.RequestMappingHandlerMapping : Mapped to com.group1.auth_service.controller.AuthController#login(LoginRequest)
2026-03-06T13:11:26.291+07:00 DEBUG 29556 --- [auth-service] [nio-8083-exec-5] m.m.a.RequestResponseBodyMethodProcessor : Read "application/json;charset=UTF-8" to [LoginRequest(username=apitest_story, password=123456)]
2026-03-06T13:11:26.294+07:00 DEBUG 29556 --- [auth-service] [nio-8083-exec-5] org.hibernate.SQL                        : 
    select
        u1_0.id,
        u1_0.avatar_url,
        u1_0.created_at,
        u1_0.email,
        u1_0.full_name,
        u1_0.last_login_at,
        u1_0.password,
        u1_0.password_changed_at,
        u1_0.phone,
        u1_0.role_id,
        u1_0.status,
        u1_0.updated_at,
        u1_0.username 
    from
        users u1_0 
    where
        u1_0.username=?
Hibernate: 
    select
        u1_0.id,
        u1_0.avatar_url,
        u1_0.created_at,
        u1_0.email,
        u1_0.full_name,
        u1_0.last_login_at,
        u1_0.password,
        u1_0.password_changed_at,
        u1_0.phone,
        u1_0.role_id,
        u1_0.status,
        u1_0.updated_at,
        u1_0.username 
    from
        users u1_0 
    where
        u1_0.username=?
2026-03-06T13:11:26.296+07:00 DEBUG 29556 --- [auth-service] [nio-8083-exec-5] org.hibernate.SQL                        : 
    select
        r1_0.id,
        r1_0.description,
        r1_0.name 
    from
        roles r1_0 
    where
        r1_0.id=?
Hibernate: 
    select
        r1_0.id,
        r1_0.description,
        r1_0.name 
    from
        roles r1_0 
    where
        r1_0.id=?
2026-03-06T13:11:26.349+07:00 DEBUG 29556 --- [auth-service] [nio-8083-exec-5] o.s.w.s.m.m.a.HttpEntityMethodProcessor  : Using 'application/json', given [*/*] and supported [application/json, application/*+json]
2026-03-06T13:11:26.349+07:00 DEBUG 29556 --- [auth-service] [nio-8083-exec-5] o.s.w.s.m.m.a.HttpEntityMethodProcessor  : Writing [{token=eyJhbGciOiJIUzI1NiJ9.eyJzdWIiOiJhcGl0ZXN0X3N0b3J5Iiwicm9sZSI6IlJPTEVfVVNFUiIsImlhdCI6MTc3Mjc3 (truncated)...]
2026-03-06T13:11:26.350+07:00 DEBUG 29556 --- [auth-service] [nio-8083-exec-5] o.s.web.servlet.DispatcherServlet        : Completed 200 OK
2026-03-06T13:13:21.104+07:00 DEBUG 29556 --- [auth-service] [nio-8083-exec-7] o.s.web.servlet.DispatcherServlet        : POST "/api/auth/login", parameters={}
2026-03-06T13:13:21.104+07:00 DEBUG 29556 --- [auth-service] [nio-8083-exec-7] s.w.s.m.m.a.RequestMappingHandlerMapping : Mapped to com.group1.auth_service.controller.AuthController#login(LoginRequest)
2026-03-06T13:13:21.106+07:00 DEBUG 29556 --- [auth-service] [nio-8083-exec-7] o.s.web.method.HandlerMethod             : Could not resolve parameter [0] in public org.springframework.http.ResponseEntity<?> com.group1.auth_service.controller.AuthController.login(com.group1.auth_service.dto.request.LoginRequest): JSON parse error: Unexpected character ('p' (code 112)): was expecting double-quote to start field name
2026-03-06T13:13:21.107+07:00 DEBUG 29556 --- [auth-service] [nio-8083-exec-7] .m.m.a.ExceptionHandlerExceptionResolver : Using @ExceptionHandler com.group1.auth_service.exception.GlobalExceptionHandler#handleUnknownException(Exception)
2026-03-06T13:13:21.107+07:00 DEBUG 29556 --- [auth-service] [nio-8083-exec-7] o.s.w.s.m.m.a.HttpEntityMethodProcessor  : Using 'application/json', given [*/*] and supported [application/json, application/*+json]
2026-03-06T13:13:21.107+07:00 DEBUG 29556 --- [auth-service] [nio-8083-exec-7] o.s.w.s.m.m.a.HttpEntityMethodProcessor  : Writing [ApiResponse(success=false, message=Internal server error, data=null)]
2026-03-06T13:13:21.107+07:00 DEBUG 29556 --- [auth-service] [nio-8083-exec-7] .m.m.a.ExceptionHandlerExceptionResolver : Resolved [org.springframework.http.converter.HttpMessageNotReadableException: JSON parse error: Unexpected character ('p' (code 112)): was expecting double-quote to start field name]
2026-03-06T13:13:21.108+07:00 DEBUG 29556 --- [auth-service] [nio-8083-exec-7] o.s.web.servlet.DispatcherServlet        : Completed 500 INTERNAL_SERVER_ERROR
2026-03-06T13:13:21.261+07:00 DEBUG 29556 --- [auth-service] [nio-8083-exec-6] o.s.web.servlet.DispatcherServlet        : POST "/api/accounts/forgot-password/request", parameters={}
2026-03-06T13:13:21.261+07:00 DEBUG 29556 --- [auth-service] [nio-8083-exec-6] s.w.s.m.m.a.RequestMappingHandlerMapping : Mapped to com.group1.auth_service.controller.AccountController#requestForgotPassword(ForgotPasswordRequest)
2026-03-06T13:13:21.262+07:00 DEBUG 29556 --- [auth-service] [nio-8083-exec-6] o.s.web.method.HandlerMethod             : Could not resolve parameter [0] in public org.springframework.http.ResponseEntity<com.group1.auth_service.dto.response.ApiResponse<java.lang.Void>> com.group1.auth_service.controller.AccountController.requestForgotPassword(com.group1.auth_service.dto.request.ForgotPasswordRequest): JSON parse error: Unexpected character ('e' (code 101)): was expecting double-quote to start field name
2026-03-06T13:13:21.262+07:00 DEBUG 29556 --- [auth-service] [nio-8083-exec-6] .m.m.a.ExceptionHandlerExceptionResolver : Using @ExceptionHandler com.group1.auth_service.exception.GlobalExceptionHandler#handleUnknownException(Exception)
2026-03-06T13:13:21.262+07:00 DEBUG 29556 --- [auth-service] [nio-8083-exec-6] o.s.w.s.m.m.a.HttpEntityMethodProcessor  : Using 'application/json', given [*/*] and supported [application/json, application/*+json]
2026-03-06T13:13:21.263+07:00 DEBUG 29556 --- [auth-service] [nio-8083-exec-6] o.s.w.s.m.m.a.HttpEntityMethodProcessor  : Writing [ApiResponse(success=false, message=Internal server error, data=null)]
2026-03-06T13:13:21.263+07:00 DEBUG 29556 --- [auth-service] [nio-8083-exec-6] .m.m.a.ExceptionHandlerExceptionResolver : Resolved [org.springframework.http.converter.HttpMessageNotReadableException: JSON parse error: Unexpected character ('e' (code 101)): was expecting double-quote to start field name]
2026-03-06T13:13:21.264+07:00 DEBUG 29556 --- [auth-service] [nio-8083-exec-6] o.s.web.servlet.DispatcherServlet        : Completed 500 INTERNAL_SERVER_ERROR
2026-03-06T13:13:22.817+07:00 DEBUG 29556 --- [auth-service] [nio-8083-exec-7] o.s.web.servlet.DispatcherServlet        : POST "/api/accounts/forgot-password/request", parameters={}
2026-03-06T13:13:22.817+07:00 DEBUG 29556 --- [auth-service] [nio-8083-exec-7] s.w.s.m.m.a.RequestMappingHandlerMapping : Mapped to com.group1.auth_service.controller.AccountController#requestForgotPassword(ForgotPasswordRequest)
2026-03-06T13:13:22.818+07:00 DEBUG 29556 --- [auth-service] [nio-8083-exec-7] o.s.web.method.HandlerMethod             : Could not resolve parameter [0] in public org.springframework.http.ResponseEntity<com.group1.auth_service.dto.response.ApiResponse<java.lang.Void>> com.group1.auth_service.controller.AccountController.requestForgotPassword(com.group1.auth_service.dto.request.ForgotPasswordRequest): JSON parse error: Unexpected character ('e' (code 101)): was expecting double-quote to start field name
2026-03-06T13:13:22.818+07:00 DEBUG 29556 --- [auth-service] [nio-8083-exec-7] .m.m.a.ExceptionHandlerExceptionResolver : Using @ExceptionHandler com.group1.auth_service.exception.GlobalExceptionHandler#handleUnknownException(Exception)
2026-03-06T13:13:22.818+07:00 DEBUG 29556 --- [auth-service] [nio-8083-exec-7] o.s.w.s.m.m.a.HttpEntityMethodProcessor  : Using 'application/json', given [*/*] and supported [application/json, application/*+json]
2026-03-06T13:13:22.818+07:00 DEBUG 29556 --- [auth-service] [nio-8083-exec-7] o.s.w.s.m.m.a.HttpEntityMethodProcessor  : Writing [ApiResponse(success=false, message=Internal server error, data=null)]
2026-03-06T13:13:22.819+07:00 DEBUG 29556 --- [auth-service] [nio-8083-exec-7] .m.m.a.ExceptionHandlerExceptionResolver : Resolved [org.springframework.http.converter.HttpMessageNotReadableException: JSON parse error: Unexpected character ('e' (code 101)): was expecting double-quote to start field name]
2026-03-06T13:13:22.819+07:00 DEBUG 29556 --- [auth-service] [nio-8083-exec-7] o.s.web.servlet.DispatcherServlet        : Completed 500 INTERNAL_SERVER_ERROR
2026-03-06T13:13:22.835+07:00 DEBUG 29556 --- [auth-service] [nio-8083-exec-8] o.s.web.servlet.DispatcherServlet        : POST "/api/accounts/forgot-password/request", parameters={}
2026-03-06T13:13:22.835+07:00 DEBUG 29556 --- [auth-service] [nio-8083-exec-8] s.w.s.m.m.a.RequestMappingHandlerMapping : Mapped to com.group1.auth_service.controller.AccountController#requestForgotPassword(ForgotPasswordRequest)
2026-03-06T13:13:22.835+07:00 DEBUG 29556 --- [auth-service] [nio-8083-exec-8] o.s.web.method.HandlerMethod             : Could not resolve parameter [0] in public org.springframework.http.ResponseEntity<com.group1.auth_service.dto.response.ApiResponse<java.lang.Void>> com.group1.auth_service.controller.AccountController.requestForgotPassword(com.group1.auth_service.dto.request.ForgotPasswordRequest): JSON parse error: Unexpected character ('e' (code 101)): was expecting double-quote to start field name
2026-03-06T13:13:22.835+07:00 DEBUG 29556 --- [auth-service] [nio-8083-exec-8] .m.m.a.ExceptionHandlerExceptionResolver : Using @ExceptionHandler com.group1.auth_service.exception.GlobalExceptionHandler#handleUnknownException(Exception)
2026-03-06T13:13:22.835+07:00 DEBUG 29556 --- [auth-service] [nio-8083-exec-8] o.s.w.s.m.m.a.HttpEntityMethodProcessor  : Using 'application/json', given [*/*] and supported [application/json, application/*+json]
2026-03-06T13:13:22.835+07:00 DEBUG 29556 --- [auth-service] [nio-8083-exec-8] o.s.w.s.m.m.a.HttpEntityMethodProcessor  : Writing [ApiResponse(success=false, message=Internal server error, data=null)]
2026-03-06T13:13:22.835+07:00 DEBUG 29556 --- [auth-service] [nio-8083-exec-8] .m.m.a.ExceptionHandlerExceptionResolver : Resolved [org.springframework.http.converter.HttpMessageNotReadableException: JSON parse error: Unexpected character ('e' (code 101)): was expecting double-quote to start field name]
2026-03-06T13:13:22.835+07:00 DEBUG 29556 --- [auth-service] [nio-8083-exec-8] o.s.web.servlet.DispatcherServlet        : Completed 500 INTERNAL_SERVER_ERROR
2026-03-06T13:13:22.852+07:00 DEBUG 29556 --- [auth-service] [nio-8083-exec-9] o.s.web.servlet.DispatcherServlet        : POST "/api/accounts/forgot-password/request", parameters={}
2026-03-06T13:13:22.853+07:00 DEBUG 29556 --- [auth-service] [nio-8083-exec-9] s.w.s.m.m.a.RequestMappingHandlerMapping : Mapped to com.group1.auth_service.controller.AccountController#requestForgotPassword(ForgotPasswordRequest)
2026-03-06T13:13:22.853+07:00 DEBUG 29556 --- [auth-service] [nio-8083-exec-9] o.s.web.method.HandlerMethod             : Could not resolve parameter [0] in public org.springframework.http.ResponseEntity<com.group1.auth_service.dto.response.ApiResponse<java.lang.Void>> com.group1.auth_service.controller.AccountController.requestForgotPassword(com.group1.auth_service.dto.request.ForgotPasswordRequest): JSON parse error: Unexpected character ('e' (code 101)): was expecting double-quote to start field name
2026-03-06T13:13:22.853+07:00 DEBUG 29556 --- [auth-service] [nio-8083-exec-9] .m.m.a.ExceptionHandlerExceptionResolver : Using @ExceptionHandler com.group1.auth_service.exception.GlobalExceptionHandler#handleUnknownException(Exception)
2026-03-06T13:13:22.854+07:00 DEBUG 29556 --- [auth-service] [nio-8083-exec-9] o.s.w.s.m.m.a.HttpEntityMethodProcessor  : Using 'application/json', given [*/*] and supported [application/json, application/*+json]
2026-03-06T13:13:22.854+07:00 DEBUG 29556 --- [auth-service] [nio-8083-exec-9] o.s.w.s.m.m.a.HttpEntityMethodProcessor  : Writing [ApiResponse(success=false, message=Internal server error, data=null)]
2026-03-06T13:13:22.854+07:00 DEBUG 29556 --- [auth-service] [nio-8083-exec-9] .m.m.a.ExceptionHandlerExceptionResolver : Resolved [org.springframework.http.converter.HttpMessageNotReadableException: JSON parse error: Unexpected character ('e' (code 101)): was expecting double-quote to start field name]
2026-03-06T13:13:22.855+07:00 DEBUG 29556 --- [auth-service] [nio-8083-exec-9] o.s.web.servlet.DispatcherServlet        : Completed 500 INTERNAL_SERVER_ERROR
2026-03-06T13:13:22.896+07:00 DEBUG 29556 --- [auth-service] [io-8083-exec-10] o.s.web.servlet.DispatcherServlet        : POST "/api/accounts/forgot-password/request", parameters={}
2026-03-06T13:13:22.896+07:00 DEBUG 29556 --- [auth-service] [io-8083-exec-10] s.w.s.m.m.a.RequestMappingHandlerMapping : Mapped to com.group1.auth_service.controller.AccountController#requestForgotPassword(ForgotPasswordRequest)
2026-03-06T13:13:22.897+07:00 DEBUG 29556 --- [auth-service] [io-8083-exec-10] o.s.web.method.HandlerMethod             : Could not resolve parameter [0] in public org.springframework.http.ResponseEntity<com.group1.auth_service.dto.response.ApiResponse<java.lang.Void>> com.group1.auth_service.controller.AccountController.requestForgotPassword(com.group1.auth_service.dto.request.ForgotPasswordRequest): JSON parse error: Unexpected character ('e' (code 101)): was expecting double-quote to start field name
2026-03-06T13:13:22.897+07:00 DEBUG 29556 --- [auth-service] [io-8083-exec-10] .m.m.a.ExceptionHandlerExceptionResolver : Using @ExceptionHandler com.group1.auth_service.exception.GlobalExceptionHandler#handleUnknownException(Exception)
2026-03-06T13:13:22.897+07:00 DEBUG 29556 --- [auth-service] [io-8083-exec-10] o.s.w.s.m.m.a.HttpEntityMethodProcessor  : Using 'application/json', given [*/*] and supported [application/json, application/*+json]
2026-03-06T13:13:22.897+07:00 DEBUG 29556 --- [auth-service] [io-8083-exec-10] o.s.w.s.m.m.a.HttpEntityMethodProcessor  : Writing [ApiResponse(success=false, message=Internal server error, data=null)]
2026-03-06T13:13:22.898+07:00 DEBUG 29556 --- [auth-service] [io-8083-exec-10] .m.m.a.ExceptionHandlerExceptionResolver : Resolved [org.springframework.http.converter.HttpMessageNotReadableException: JSON parse error: Unexpected character ('e' (code 101)): was expecting double-quote to start field name]
2026-03-06T13:13:22.898+07:00 DEBUG 29556 --- [auth-service] [io-8083-exec-10] o.s.web.servlet.DispatcherServlet        : Completed 500 INTERNAL_SERVER_ERROR
2026-03-06T13:13:22.913+07:00 DEBUG 29556 --- [auth-service] [nio-8083-exec-1] o.s.web.servlet.DispatcherServlet        : POST "/api/accounts/forgot-password/request", parameters={}
2026-03-06T13:13:22.915+07:00 DEBUG 29556 --- [auth-service] [nio-8083-exec-1] s.w.s.m.m.a.RequestMappingHandlerMapping : Mapped to com.group1.auth_service.controller.AccountController#requestForgotPassword(ForgotPasswordRequest)
2026-03-06T13:13:22.915+07:00 DEBUG 29556 --- [auth-service] [nio-8083-exec-1] o.s.web.method.HandlerMethod             : Could not resolve parameter [0] in public org.springframework.http.ResponseEntity<com.group1.auth_service.dto.response.ApiResponse<java.lang.Void>> com.group1.auth_service.controller.AccountController.requestForgotPassword(com.group1.auth_service.dto.request.ForgotPasswordRequest): JSON parse error: Unexpected character ('e' (code 101)): was expecting double-quote to start field name
2026-03-06T13:13:22.915+07:00 DEBUG 29556 --- [auth-service] [nio-8083-exec-1] .m.m.a.ExceptionHandlerExceptionResolver : Using @ExceptionHandler com.group1.auth_service.exception.GlobalExceptionHandler#handleUnknownException(Exception)
2026-03-06T13:13:22.915+07:00 DEBUG 29556 --- [auth-service] [nio-8083-exec-1] o.s.w.s.m.m.a.HttpEntityMethodProcessor  : Using 'application/json', given [*/*] and supported [application/json, application/*+json]
2026-03-06T13:13:22.915+07:00 DEBUG 29556 --- [auth-service] [nio-8083-exec-1] o.s.w.s.m.m.a.HttpEntityMethodProcessor  : Writing [ApiResponse(success=false, message=Internal server error, data=null)]
2026-03-06T13:13:22.915+07:00 DEBUG 29556 --- [auth-service] [nio-8083-exec-1] .m.m.a.ExceptionHandlerExceptionResolver : Resolved [org.springframework.http.converter.HttpMessageNotReadableException: JSON parse error: Unexpected character ('e' (code 101)): was expecting double-quote to start field name]
2026-03-06T13:13:22.915+07:00 DEBUG 29556 --- [auth-service] [nio-8083-exec-1] o.s.web.servlet.DispatcherServlet        : Completed 500 INTERNAL_SERVER_ERROR
2026-03-06T13:13:22.932+07:00 DEBUG 29556 --- [auth-service] [nio-8083-exec-2] o.s.web.servlet.DispatcherServlet        : POST "/api/accounts/forgot-password/request", parameters={}
2026-03-06T13:13:22.932+07:00 DEBUG 29556 --- [auth-service] [nio-8083-exec-2] s.w.s.m.m.a.RequestMappingHandlerMapping : Mapped to com.group1.auth_service.controller.AccountController#requestForgotPassword(ForgotPasswordRequest)
2026-03-06T13:13:22.934+07:00 DEBUG 29556 --- [auth-service] [nio-8083-exec-2] o.s.web.method.HandlerMethod             : Could not resolve parameter [0] in public org.springframework.http.ResponseEntity<com.group1.auth_service.dto.response.ApiResponse<java.lang.Void>> com.group1.auth_service.controller.AccountController.requestForgotPassword(com.group1.auth_service.dto.request.ForgotPasswordRequest): JSON parse error: Unexpected character ('e' (code 101)): was expecting double-quote to start field name
2026-03-06T13:13:22.934+07:00 DEBUG 29556 --- [auth-service] [nio-8083-exec-2] .m.m.a.ExceptionHandlerExceptionResolver : Using @ExceptionHandler com.group1.auth_service.exception.GlobalExceptionHandler#handleUnknownException(Exception)
2026-03-06T13:13:22.934+07:00 DEBUG 29556 --- [auth-service] [nio-8083-exec-2] o.s.w.s.m.m.a.HttpEntityMethodProcessor  : Using 'application/json', given [*/*] and supported [application/json, application/*+json]
2026-03-06T13:13:22.934+07:00 DEBUG 29556 --- [auth-service] [nio-8083-exec-2] o.s.w.s.m.m.a.HttpEntityMethodProcessor  : Writing [ApiResponse(success=false, message=Internal server error, data=null)]
2026-03-06T13:13:22.935+07:00 DEBUG 29556 --- [auth-service] [nio-8083-exec-2] .m.m.a.ExceptionHandlerExceptionResolver : Resolved [org.springframework.http.converter.HttpMessageNotReadableException: JSON parse error: Unexpected character ('e' (code 101)): was expecting double-quote to start field name]
2026-03-06T13:13:22.935+07:00 DEBUG 29556 --- [auth-service] [nio-8083-exec-2] o.s.web.servlet.DispatcherServlet        : Completed 500 INTERNAL_SERVER_ERROR
2026-03-06T13:13:22.952+07:00 DEBUG 29556 --- [auth-service] [nio-8083-exec-3] o.s.web.servlet.DispatcherServlet        : POST "/api/accounts/forgot-password/request", parameters={}
2026-03-06T13:13:22.952+07:00 DEBUG 29556 --- [auth-service] [nio-8083-exec-3] s.w.s.m.m.a.RequestMappingHandlerMapping : Mapped to com.group1.auth_service.controller.AccountController#requestForgotPassword(ForgotPasswordRequest)
2026-03-06T13:13:22.953+07:00 DEBUG 29556 --- [auth-service] [nio-8083-exec-3] o.s.web.method.HandlerMethod             : Could not resolve parameter [0] in public org.springframework.http.ResponseEntity<com.group1.auth_service.dto.response.ApiResponse<java.lang.Void>> com.group1.auth_service.controller.AccountController.requestForgotPassword(com.group1.auth_service.dto.request.ForgotPasswordRequest): JSON parse error: Unexpected character ('e' (code 101)): was expecting double-quote to start field name
2026-03-06T13:13:22.954+07:00 DEBUG 29556 --- [auth-service] [nio-8083-exec-3] .m.m.a.ExceptionHandlerExceptionResolver : Using @ExceptionHandler com.group1.auth_service.exception.GlobalExceptionHandler#handleUnknownException(Exception)
2026-03-06T13:13:22.954+07:00 DEBUG 29556 --- [auth-service] [nio-8083-exec-3] o.s.w.s.m.m.a.HttpEntityMethodProcessor  : Using 'application/json', given [*/*] and supported [application/json, application/*+json]
2026-03-06T13:13:22.954+07:00 DEBUG 29556 --- [auth-service] [nio-8083-exec-3] o.s.w.s.m.m.a.HttpEntityMethodProcessor  : Writing [ApiResponse(success=false, message=Internal server error, data=null)]
2026-03-06T13:13:22.954+07:00 DEBUG 29556 --- [auth-service] [nio-8083-exec-3] .m.m.a.ExceptionHandlerExceptionResolver : Resolved [org.springframework.http.converter.HttpMessageNotReadableException: JSON parse error: Unexpected character ('e' (code 101)): was expecting double-quote to start field name]
2026-03-06T13:13:22.954+07:00 DEBUG 29556 --- [auth-service] [nio-8083-exec-3] o.s.web.servlet.DispatcherServlet        : Completed 500 INTERNAL_SERVER_ERROR
2026-03-06T13:13:23.011+07:00 DEBUG 29556 --- [auth-service] [nio-8083-exec-4] o.s.web.servlet.DispatcherServlet        : POST "/api/accounts/forgot-password/request", parameters={}
2026-03-06T13:13:23.011+07:00 DEBUG 29556 --- [auth-service] [nio-8083-exec-4] s.w.s.m.m.a.RequestMappingHandlerMapping : Mapped to com.group1.auth_service.controller.AccountController#requestForgotPassword(ForgotPasswordRequest)
2026-03-06T13:13:23.015+07:00 DEBUG 29556 --- [auth-service] [nio-8083-exec-4] o.s.web.method.HandlerMethod             : Could not resolve parameter [0] in public org.springframework.http.ResponseEntity<com.group1.auth_service.dto.response.ApiResponse<java.lang.Void>> com.group1.auth_service.controller.AccountController.requestForgotPassword(com.group1.auth_service.dto.request.ForgotPasswordRequest): JSON parse error: Unexpected character ('e' (code 101)): was expecting double-quote to start field name
2026-03-06T13:13:23.015+07:00 DEBUG 29556 --- [auth-service] [nio-8083-exec-4] .m.m.a.ExceptionHandlerExceptionResolver : Using @ExceptionHandler com.group1.auth_service.exception.GlobalExceptionHandler#handleUnknownException(Exception)
2026-03-06T13:13:23.016+07:00 DEBUG 29556 --- [auth-service] [nio-8083-exec-4] o.s.w.s.m.m.a.HttpEntityMethodProcessor  : Using 'application/json', given [*/*] and supported [application/json, application/*+json]
2026-03-06T13:13:23.016+07:00 DEBUG 29556 --- [auth-service] [nio-8083-exec-4] o.s.w.s.m.m.a.HttpEntityMethodProcessor  : Writing [ApiResponse(success=false, message=Internal server error, data=null)]
2026-03-06T13:13:23.018+07:00 DEBUG 29556 --- [auth-service] [nio-8083-exec-4] .m.m.a.ExceptionHandlerExceptionResolver : Resolved [org.springframework.http.converter.HttpMessageNotReadableException: JSON parse error: Unexpected character ('e' (code 101)): was expecting double-quote to start field name]
2026-03-06T13:13:23.019+07:00 DEBUG 29556 --- [auth-service] [nio-8083-exec-4] o.s.web.servlet.DispatcherServlet        : Completed 500 INTERNAL_SERVER_ERROR
2026-03-06T13:13:24.584+07:00 DEBUG 29556 --- [auth-service] [nio-8083-exec-5] o.s.web.servlet.DispatcherServlet        : POST "/api/accounts/forgot-password/reset", parameters={}
2026-03-06T13:13:24.585+07:00 DEBUG 29556 --- [auth-service] [nio-8083-exec-5] s.w.s.m.m.a.RequestMappingHandlerMapping : Mapped to com.group1.auth_service.controller.AccountController#resetPassword(ResetPasswordRequest)
2026-03-06T13:13:24.585+07:00 DEBUG 29556 --- [auth-service] [nio-8083-exec-5] o.s.web.method.HandlerMethod             : Could not resolve parameter [0] in public org.springframework.http.ResponseEntity<com.group1.auth_service.dto.response.ApiResponse<java.lang.Void>> com.group1.auth_service.controller.AccountController.resetPassword(com.group1.auth_service.dto.request.ResetPasswordRequest): JSON parse error: Unexpected character ('e' (code 101)): was expecting double-quote to start field name
2026-03-06T13:13:24.585+07:00 DEBUG 29556 --- [auth-service] [nio-8083-exec-5] .m.m.a.ExceptionHandlerExceptionResolver : Using @ExceptionHandler com.group1.auth_service.exception.GlobalExceptionHandler#handleUnknownException(Exception)
2026-03-06T13:13:24.585+07:00 DEBUG 29556 --- [auth-service] [nio-8083-exec-5] o.s.w.s.m.m.a.HttpEntityMethodProcessor  : Using 'application/json', given [*/*] and supported [application/json, application/*+json]
2026-03-06T13:13:24.585+07:00 DEBUG 29556 --- [auth-service] [nio-8083-exec-5] o.s.w.s.m.m.a.HttpEntityMethodProcessor  : Writing [ApiResponse(success=false, message=Internal server error, data=null)]
2026-03-06T13:13:24.586+07:00 DEBUG 29556 --- [auth-service] [nio-8083-exec-5] .m.m.a.ExceptionHandlerExceptionResolver : Resolved [org.springframework.http.converter.HttpMessageNotReadableException: JSON parse error: Unexpected character ('e' (code 101)): was expecting double-quote to start field name]
2026-03-06T13:13:24.586+07:00 DEBUG 29556 --- [auth-service] [nio-8083-exec-5] o.s.web.servlet.DispatcherServlet        : Completed 500 INTERNAL_SERVER_ERROR
2026-03-06T13:13:24.622+07:00 DEBUG 29556 --- [auth-service] [nio-8083-exec-6] o.s.web.servlet.DispatcherServlet        : POST "/api/accounts/forgot-password/request", parameters={}
2026-03-06T13:13:24.622+07:00 DEBUG 29556 --- [auth-service] [nio-8083-exec-6] s.w.s.m.m.a.RequestMappingHandlerMapping : Mapped to com.group1.auth_service.controller.AccountController#requestForgotPassword(ForgotPasswordRequest)
2026-03-06T13:13:24.622+07:00 DEBUG 29556 --- [auth-service] [nio-8083-exec-6] o.s.web.method.HandlerMethod             : Could not resolve parameter [0] in public org.springframework.http.ResponseEntity<com.group1.auth_service.dto.response.ApiResponse<java.lang.Void>> com.group1.auth_service.controller.AccountController.requestForgotPassword(com.group1.auth_service.dto.request.ForgotPasswordRequest): JSON parse error: Unexpected character ('e' (code 101)): was expecting double-quote to start field name
2026-03-06T13:13:24.623+07:00 DEBUG 29556 --- [auth-service] [nio-8083-exec-6] .m.m.a.ExceptionHandlerExceptionResolver : Using @ExceptionHandler com.group1.auth_service.exception.GlobalExceptionHandler#handleUnknownException(Exception)
2026-03-06T13:13:24.623+07:00 DEBUG 29556 --- [auth-service] [nio-8083-exec-6] o.s.w.s.m.m.a.HttpEntityMethodProcessor  : Using 'application/json', given [*/*] and supported [application/json, application/*+json]
2026-03-06T13:13:24.623+07:00 DEBUG 29556 --- [auth-service] [nio-8083-exec-6] o.s.w.s.m.m.a.HttpEntityMethodProcessor  : Writing [ApiResponse(success=false, message=Internal server error, data=null)]
2026-03-06T13:13:24.623+07:00 DEBUG 29556 --- [auth-service] [nio-8083-exec-6] .m.m.a.ExceptionHandlerExceptionResolver : Resolved [org.springframework.http.converter.HttpMessageNotReadableException: JSON parse error: Unexpected character ('e' (code 101)): was expecting double-quote to start field name]
2026-03-06T13:13:24.624+07:00 DEBUG 29556 --- [auth-service] [nio-8083-exec-6] o.s.web.servlet.DispatcherServlet        : Completed 500 INTERNAL_SERVER_ERROR
2026-03-06T13:13:26.187+07:00 DEBUG 29556 --- [auth-service] [nio-8083-exec-7] o.s.web.servlet.DispatcherServlet        : POST "/api/accounts/forgot-password/reset", parameters={}
2026-03-06T13:13:26.189+07:00 DEBUG 29556 --- [auth-service] [nio-8083-exec-7] s.w.s.m.m.a.RequestMappingHandlerMapping : Mapped to com.group1.auth_service.controller.AccountController#resetPassword(ResetPasswordRequest)
2026-03-06T13:13:26.191+07:00 DEBUG 29556 --- [auth-service] [nio-8083-exec-7] o.s.web.method.HandlerMethod             : Could not resolve parameter [0] in public org.springframework.http.ResponseEntity<com.group1.auth_service.dto.response.ApiResponse<java.lang.Void>> com.group1.auth_service.controller.AccountController.resetPassword(com.group1.auth_service.dto.request.ResetPasswordRequest): JSON parse error: Unexpected character ('e' (code 101)): was expecting double-quote to start field name
2026-03-06T13:13:26.191+07:00 DEBUG 29556 --- [auth-service] [nio-8083-exec-7] .m.m.a.ExceptionHandlerExceptionResolver : Using @ExceptionHandler com.group1.auth_service.exception.GlobalExceptionHandler#handleUnknownException(Exception)
2026-03-06T13:13:26.192+07:00 DEBUG 29556 --- [auth-service] [nio-8083-exec-7] o.s.w.s.m.m.a.HttpEntityMethodProcessor  : Using 'application/json', given [*/*] and supported [application/json, application/*+json]
2026-03-06T13:13:26.192+07:00 DEBUG 29556 --- [auth-service] [nio-8083-exec-7] o.s.w.s.m.m.a.HttpEntityMethodProcessor  : Writing [ApiResponse(success=false, message=Internal server error, data=null)]
2026-03-06T13:13:26.193+07:00 DEBUG 29556 --- [auth-service] [nio-8083-exec-7] .m.m.a.ExceptionHandlerExceptionResolver : Resolved [org.springframework.http.converter.HttpMessageNotReadableException: JSON parse error: Unexpected character ('e' (code 101)): was expecting double-quote to start field name]
2026-03-06T13:13:26.193+07:00 DEBUG 29556 --- [auth-service] [nio-8083-exec-7] o.s.web.servlet.DispatcherServlet        : Completed 500 INTERNAL_SERVER_ERROR
2026-03-06T13:13:26.211+07:00 DEBUG 29556 --- [auth-service] [nio-8083-exec-8] o.s.web.servlet.DispatcherServlet        : POST "/api/accounts/forgot-password/reset", parameters={}
2026-03-06T13:13:26.214+07:00 DEBUG 29556 --- [auth-service] [nio-8083-exec-8] s.w.s.m.m.a.RequestMappingHandlerMapping : Mapped to com.group1.auth_service.controller.AccountController#resetPassword(ResetPasswordRequest)
2026-03-06T13:13:26.214+07:00 DEBUG 29556 --- [auth-service] [nio-8083-exec-8] o.s.web.method.HandlerMethod             : Could not resolve parameter [0] in public org.springframework.http.ResponseEntity<com.group1.auth_service.dto.response.ApiResponse<java.lang.Void>> com.group1.auth_service.controller.AccountController.resetPassword(com.group1.auth_service.dto.request.ResetPasswordRequest): JSON parse error: Unexpected character ('e' (code 101)): was expecting double-quote to start field name
2026-03-06T13:13:26.215+07:00 DEBUG 29556 --- [auth-service] [nio-8083-exec-8] .m.m.a.ExceptionHandlerExceptionResolver : Using @ExceptionHandler com.group1.auth_service.exception.GlobalExceptionHandler#handleUnknownException(Exception)
2026-03-06T13:13:26.215+07:00 DEBUG 29556 --- [auth-service] [nio-8083-exec-8] o.s.w.s.m.m.a.HttpEntityMethodProcessor  : Using 'application/json', given [*/*] and supported [application/json, application/*+json]
2026-03-06T13:13:26.215+07:00 DEBUG 29556 --- [auth-service] [nio-8083-exec-8] o.s.w.s.m.m.a.HttpEntityMethodProcessor  : Writing [ApiResponse(success=false, message=Internal server error, data=null)]
2026-03-06T13:13:26.216+07:00 DEBUG 29556 --- [auth-service] [nio-8083-exec-8] .m.m.a.ExceptionHandlerExceptionResolver : Resolved [org.springframework.http.converter.HttpMessageNotReadableException: JSON parse error: Unexpected character ('e' (code 101)): was expecting double-quote to start field name]
2026-03-06T13:13:26.216+07:00 DEBUG 29556 --- [auth-service] [nio-8083-exec-8] o.s.web.servlet.DispatcherServlet        : Completed 500 INTERNAL_SERVER_ERROR
2026-03-06T13:13:26.238+07:00 DEBUG 29556 --- [auth-service] [nio-8083-exec-9] o.s.web.servlet.DispatcherServlet        : POST "/api/auth/login", parameters={}
2026-03-06T13:13:26.238+07:00 DEBUG 29556 --- [auth-service] [nio-8083-exec-9] s.w.s.m.m.a.RequestMappingHandlerMapping : Mapped to com.group1.auth_service.controller.AuthController#login(LoginRequest)
2026-03-06T13:13:26.239+07:00 DEBUG 29556 --- [auth-service] [nio-8083-exec-9] o.s.web.method.HandlerMethod             : Could not resolve parameter [0] in public org.springframework.http.ResponseEntity<?> com.group1.auth_service.controller.AuthController.login(com.group1.auth_service.dto.request.LoginRequest): JSON parse error: Unexpected character ('p' (code 112)): was expecting double-quote to start field name
2026-03-06T13:13:26.240+07:00 DEBUG 29556 --- [auth-service] [nio-8083-exec-9] .m.m.a.ExceptionHandlerExceptionResolver : Using @ExceptionHandler com.group1.auth_service.exception.GlobalExceptionHandler#handleUnknownException(Exception)
2026-03-06T13:13:26.240+07:00 DEBUG 29556 --- [auth-service] [nio-8083-exec-9] o.s.w.s.m.m.a.HttpEntityMethodProcessor  : Using 'application/json', given [*/*] and supported [application/json, application/*+json]
2026-03-06T13:13:26.240+07:00 DEBUG 29556 --- [auth-service] [nio-8083-exec-9] o.s.w.s.m.m.a.HttpEntityMethodProcessor  : Writing [ApiResponse(success=false, message=Internal server error, data=null)]
2026-03-06T13:13:26.241+07:00 DEBUG 29556 --- [auth-service] [nio-8083-exec-9] .m.m.a.ExceptionHandlerExceptionResolver : Resolved [org.springframework.http.converter.HttpMessageNotReadableException: JSON parse error: Unexpected character ('p' (code 112)): was expecting double-quote to start field name]
2026-03-06T13:13:26.241+07:00 DEBUG 29556 --- [auth-service] [nio-8083-exec-9] o.s.web.servlet.DispatcherServlet        : Completed 500 INTERNAL_SERVER_ERROR
2026-03-06T13:13:26.260+07:00 DEBUG 29556 --- [auth-service] [io-8083-exec-10] o.s.web.servlet.DispatcherServlet        : POST "/api/auth/login", parameters={}
2026-03-06T13:13:26.260+07:00 DEBUG 29556 --- [auth-service] [io-8083-exec-10] s.w.s.m.m.a.RequestMappingHandlerMapping : Mapped to com.group1.auth_service.controller.AuthController#login(LoginRequest)
2026-03-06T13:13:26.261+07:00 DEBUG 29556 --- [auth-service] [io-8083-exec-10] o.s.web.method.HandlerMethod             : Could not resolve parameter [0] in public org.springframework.http.ResponseEntity<?> com.group1.auth_service.controller.AuthController.login(com.group1.auth_service.dto.request.LoginRequest): JSON parse error: Unexpected character ('p' (code 112)): was expecting double-quote to start field name
2026-03-06T13:13:26.261+07:00 DEBUG 29556 --- [auth-service] [io-8083-exec-10] .m.m.a.ExceptionHandlerExceptionResolver : Using @ExceptionHandler com.group1.auth_service.exception.GlobalExceptionHandler#handleUnknownException(Exception)
2026-03-06T13:13:26.262+07:00 DEBUG 29556 --- [auth-service] [io-8083-exec-10] o.s.w.s.m.m.a.HttpEntityMethodProcessor  : Using 'application/json', given [*/*] and supported [application/json, application/*+json]
2026-03-06T13:13:26.262+07:00 DEBUG 29556 --- [auth-service] [io-8083-exec-10] o.s.w.s.m.m.a.HttpEntityMethodProcessor  : Writing [ApiResponse(success=false, message=Internal server error, data=null)]
2026-03-06T13:13:26.263+07:00 DEBUG 29556 --- [auth-service] [io-8083-exec-10] .m.m.a.ExceptionHandlerExceptionResolver : Resolved [org.springframework.http.converter.HttpMessageNotReadableException: JSON parse error: Unexpected character ('p' (code 112)): was expecting double-quote to start field name]
2026-03-06T13:13:26.263+07:00 DEBUG 29556 --- [auth-service] [io-8083-exec-10] o.s.web.servlet.DispatcherServlet        : Completed 500 INTERNAL_SERVER_ERROR
2026-03-06T13:13:26.343+07:00 DEBUG 29556 --- [auth-service] [nio-8083-exec-3] o.s.web.servlet.DispatcherServlet        : POST "/api/accounts/forgot-password/request", parameters={}
2026-03-06T13:13:26.344+07:00 DEBUG 29556 --- [auth-service] [nio-8083-exec-3] s.w.s.m.m.a.RequestMappingHandlerMapping : Mapped to com.group1.auth_service.controller.AccountController#requestForgotPassword(ForgotPasswordRequest)
2026-03-06T13:13:26.344+07:00 DEBUG 29556 --- [auth-service] [nio-8083-exec-3] o.s.web.method.HandlerMethod             : Could not resolve parameter [0] in public org.springframework.http.ResponseEntity<com.group1.auth_service.dto.response.ApiResponse<java.lang.Void>> com.group1.auth_service.controller.AccountController.requestForgotPassword(com.group1.auth_service.dto.request.ForgotPasswordRequest): JSON parse error: Unexpected character ('e' (code 101)): was expecting double-quote to start field name
2026-03-06T13:13:26.344+07:00 DEBUG 29556 --- [auth-service] [nio-8083-exec-3] .m.m.a.ExceptionHandlerExceptionResolver : Using @ExceptionHandler com.group1.auth_service.exception.GlobalExceptionHandler#handleUnknownException(Exception)
2026-03-06T13:13:26.344+07:00 DEBUG 29556 --- [auth-service] [nio-8083-exec-3] o.s.w.s.m.m.a.HttpEntityMethodProcessor  : Using 'application/json', given [*/*] and supported [application/json, application/*+json]
2026-03-06T13:13:26.345+07:00 DEBUG 29556 --- [auth-service] [nio-8083-exec-3] o.s.w.s.m.m.a.HttpEntityMethodProcessor  : Writing [ApiResponse(success=false, message=Internal server error, data=null)]
2026-03-06T13:13:26.345+07:00 DEBUG 29556 --- [auth-service] [nio-8083-exec-3] .m.m.a.ExceptionHandlerExceptionResolver : Resolved [org.springframework.http.converter.HttpMessageNotReadableException: JSON parse error: Unexpected character ('e' (code 101)): was expecting double-quote to start field name]
2026-03-06T13:13:26.345+07:00 DEBUG 29556 --- [auth-service] [nio-8083-exec-3] o.s.web.servlet.DispatcherServlet        : Completed 500 INTERNAL_SERVER_ERROR
2026-03-06T13:13:27.900+07:00 DEBUG 29556 --- [auth-service] [nio-8083-exec-4] o.s.web.servlet.DispatcherServlet        : POST "/api/accounts/forgot-password/reset", parameters={}
2026-03-06T13:13:27.900+07:00 DEBUG 29556 --- [auth-service] [nio-8083-exec-4] s.w.s.m.m.a.RequestMappingHandlerMapping : Mapped to com.group1.auth_service.controller.AccountController#resetPassword(ResetPasswordRequest)
2026-03-06T13:13:27.901+07:00 DEBUG 29556 --- [auth-service] [nio-8083-exec-4] o.s.web.method.HandlerMethod             : Could not resolve parameter [0] in public org.springframework.http.ResponseEntity<com.group1.auth_service.dto.response.ApiResponse<java.lang.Void>> com.group1.auth_service.controller.AccountController.resetPassword(com.group1.auth_service.dto.request.ResetPasswordRequest): JSON parse error: Unexpected character ('e' (code 101)): was expecting double-quote to start field name
2026-03-06T13:13:27.901+07:00 DEBUG 29556 --- [auth-service] [nio-8083-exec-4] .m.m.a.ExceptionHandlerExceptionResolver : Using @ExceptionHandler com.group1.auth_service.exception.GlobalExceptionHandler#handleUnknownException(Exception)
2026-03-06T13:13:27.901+07:00 DEBUG 29556 --- [auth-service] [nio-8083-exec-4] o.s.w.s.m.m.a.HttpEntityMethodProcessor  : Using 'application/json', given [*/*] and supported [application/json, application/*+json]
2026-03-06T13:13:27.901+07:00 DEBUG 29556 --- [auth-service] [nio-8083-exec-4] o.s.w.s.m.m.a.HttpEntityMethodProcessor  : Writing [ApiResponse(success=false, message=Internal server error, data=null)]
2026-03-06T13:13:27.901+07:00 DEBUG 29556 --- [auth-service] [nio-8083-exec-4] .m.m.a.ExceptionHandlerExceptionResolver : Resolved [org.springframework.http.converter.HttpMessageNotReadableException: JSON parse error: Unexpected character ('e' (code 101)): was expecting double-quote to start field name]
2026-03-06T13:13:27.902+07:00 DEBUG 29556 --- [auth-service] [nio-8083-exec-4] o.s.web.servlet.DispatcherServlet        : Completed 500 INTERNAL_SERVER_ERROR
2026-03-06T13:13:27.918+07:00 DEBUG 29556 --- [auth-service] [nio-8083-exec-5] o.s.web.servlet.DispatcherServlet        : POST "/api/accounts/forgot-password/reset", parameters={}
2026-03-06T13:13:27.918+07:00 DEBUG 29556 --- [auth-service] [nio-8083-exec-5] s.w.s.m.m.a.RequestMappingHandlerMapping : Mapped to com.group1.auth_service.controller.AccountController#resetPassword(ResetPasswordRequest)
2026-03-06T13:13:27.919+07:00 DEBUG 29556 --- [auth-service] [nio-8083-exec-5] o.s.web.method.HandlerMethod             : Could not resolve parameter [0] in public org.springframework.http.ResponseEntity<com.group1.auth_service.dto.response.ApiResponse<java.lang.Void>> com.group1.auth_service.controller.AccountController.resetPassword(com.group1.auth_service.dto.request.ResetPasswordRequest): JSON parse error: Unexpected character ('e' (code 101)): was expecting double-quote to start field name
2026-03-06T13:13:27.919+07:00 DEBUG 29556 --- [auth-service] [nio-8083-exec-5] .m.m.a.ExceptionHandlerExceptionResolver : Using @ExceptionHandler com.group1.auth_service.exception.GlobalExceptionHandler#handleUnknownException(Exception)
2026-03-06T13:13:27.919+07:00 DEBUG 29556 --- [auth-service] [nio-8083-exec-5] o.s.w.s.m.m.a.HttpEntityMethodProcessor  : Using 'application/json', given [*/*] and supported [application/json, application/*+json]
2026-03-06T13:13:27.919+07:00 DEBUG 29556 --- [auth-service] [nio-8083-exec-5] o.s.w.s.m.m.a.HttpEntityMethodProcessor  : Writing [ApiResponse(success=false, message=Internal server error, data=null)]
2026-03-06T13:13:27.920+07:00 DEBUG 29556 --- [auth-service] [nio-8083-exec-5] .m.m.a.ExceptionHandlerExceptionResolver : Resolved [org.springframework.http.converter.HttpMessageNotReadableException: JSON parse error: Unexpected character ('e' (code 101)): was expecting double-quote to start field name]
2026-03-06T13:13:27.920+07:00 DEBUG 29556 --- [auth-service] [nio-8083-exec-5] o.s.web.servlet.DispatcherServlet        : Completed 500 INTERNAL_SERVER_ERROR
2026-03-06T13:13:27.937+07:00 DEBUG 29556 --- [auth-service] [nio-8083-exec-6] o.s.web.servlet.DispatcherServlet        : POST "/api/accounts/forgot-password/reset", parameters={}
2026-03-06T13:13:27.937+07:00 DEBUG 29556 --- [auth-service] [nio-8083-exec-6] s.w.s.m.m.a.RequestMappingHandlerMapping : Mapped to com.group1.auth_service.controller.AccountController#resetPassword(ResetPasswordRequest)
2026-03-06T13:13:27.937+07:00 DEBUG 29556 --- [auth-service] [nio-8083-exec-6] o.s.web.method.HandlerMethod             : Could not resolve parameter [0] in public org.springframework.http.ResponseEntity<com.group1.auth_service.dto.response.ApiResponse<java.lang.Void>> com.group1.auth_service.controller.AccountController.resetPassword(com.group1.auth_service.dto.request.ResetPasswordRequest): JSON parse error: Unexpected character ('e' (code 101)): was expecting double-quote to start field name
2026-03-06T13:13:27.938+07:00 DEBUG 29556 --- [auth-service] [nio-8083-exec-6] .m.m.a.ExceptionHandlerExceptionResolver : Using @ExceptionHandler com.group1.auth_service.exception.GlobalExceptionHandler#handleUnknownException(Exception)
2026-03-06T13:13:27.938+07:00 DEBUG 29556 --- [auth-service] [nio-8083-exec-6] o.s.w.s.m.m.a.HttpEntityMethodProcessor  : Using 'application/json', given [*/*] and supported [application/json, application/*+json]
2026-03-06T13:13:27.938+07:00 DEBUG 29556 --- [auth-service] [nio-8083-exec-6] o.s.w.s.m.m.a.HttpEntityMethodProcessor  : Writing [ApiResponse(success=false, message=Internal server error, data=null)]
2026-03-06T13:13:27.938+07:00 DEBUG 29556 --- [auth-service] [nio-8083-exec-6] .m.m.a.ExceptionHandlerExceptionResolver : Resolved [org.springframework.http.converter.HttpMessageNotReadableException: JSON parse error: Unexpected character ('e' (code 101)): was expecting double-quote to start field name]
2026-03-06T13:13:27.938+07:00 DEBUG 29556 --- [auth-service] [nio-8083-exec-6] o.s.web.servlet.DispatcherServlet        : Completed 500 INTERNAL_SERVER_ERROR
2026-03-06T13:13:27.955+07:00 DEBUG 29556 --- [auth-service] [nio-8083-exec-7] o.s.web.servlet.DispatcherServlet        : POST "/api/accounts/forgot-password/reset", parameters={}
2026-03-06T13:13:27.955+07:00 DEBUG 29556 --- [auth-service] [nio-8083-exec-7] s.w.s.m.m.a.RequestMappingHandlerMapping : Mapped to com.group1.auth_service.controller.AccountController#resetPassword(ResetPasswordRequest)
2026-03-06T13:13:27.955+07:00 DEBUG 29556 --- [auth-service] [nio-8083-exec-7] o.s.web.method.HandlerMethod             : Could not resolve parameter [0] in public org.springframework.http.ResponseEntity<com.group1.auth_service.dto.response.ApiResponse<java.lang.Void>> com.group1.auth_service.controller.AccountController.resetPassword(com.group1.auth_service.dto.request.ResetPasswordRequest): JSON parse error: Unexpected character ('e' (code 101)): was expecting double-quote to start field name
2026-03-06T13:13:27.956+07:00 DEBUG 29556 --- [auth-service] [nio-8083-exec-7] .m.m.a.ExceptionHandlerExceptionResolver : Using @ExceptionHandler com.group1.auth_service.exception.GlobalExceptionHandler#handleUnknownException(Exception)
2026-03-06T13:13:27.956+07:00 DEBUG 29556 --- [auth-service] [nio-8083-exec-7] o.s.w.s.m.m.a.HttpEntityMethodProcessor  : Using 'application/json', given [*/*] and supported [application/json, application/*+json]
2026-03-06T13:13:27.956+07:00 DEBUG 29556 --- [auth-service] [nio-8083-exec-7] o.s.w.s.m.m.a.HttpEntityMethodProcessor  : Writing [ApiResponse(success=false, message=Internal server error, data=null)]
2026-03-06T13:13:27.956+07:00 DEBUG 29556 --- [auth-service] [nio-8083-exec-7] .m.m.a.ExceptionHandlerExceptionResolver : Resolved [org.springframework.http.converter.HttpMessageNotReadableException: JSON parse error: Unexpected character ('e' (code 101)): was expecting double-quote to start field name]
2026-03-06T13:13:27.957+07:00 DEBUG 29556 --- [auth-service] [nio-8083-exec-7] o.s.web.servlet.DispatcherServlet        : Completed 500 INTERNAL_SERVER_ERROR
2026-03-06T13:13:27.972+07:00 DEBUG 29556 --- [auth-service] [nio-8083-exec-8] o.s.web.servlet.DispatcherServlet        : POST "/api/accounts/forgot-password/reset", parameters={}
2026-03-06T13:13:27.973+07:00 DEBUG 29556 --- [auth-service] [nio-8083-exec-8] s.w.s.m.m.a.RequestMappingHandlerMapping : Mapped to com.group1.auth_service.controller.AccountController#resetPassword(ResetPasswordRequest)
2026-03-06T13:13:27.974+07:00 DEBUG 29556 --- [auth-service] [nio-8083-exec-8] o.s.web.method.HandlerMethod             : Could not resolve parameter [0] in public org.springframework.http.ResponseEntity<com.group1.auth_service.dto.response.ApiResponse<java.lang.Void>> com.group1.auth_service.controller.AccountController.resetPassword(com.group1.auth_service.dto.request.ResetPasswordRequest): JSON parse error: Unexpected character ('e' (code 101)): was expecting double-quote to start field name
2026-03-06T13:13:27.974+07:00 DEBUG 29556 --- [auth-service] [nio-8083-exec-8] .m.m.a.ExceptionHandlerExceptionResolver : Using @ExceptionHandler com.group1.auth_service.exception.GlobalExceptionHandler#handleUnknownException(Exception)
2026-03-06T13:13:27.974+07:00 DEBUG 29556 --- [auth-service] [nio-8083-exec-8] o.s.w.s.m.m.a.HttpEntityMethodProcessor  : Using 'application/json', given [*/*] and supported [application/json, application/*+json]
2026-03-06T13:13:27.974+07:00 DEBUG 29556 --- [auth-service] [nio-8083-exec-8] o.s.w.s.m.m.a.HttpEntityMethodProcessor  : Writing [ApiResponse(success=false, message=Internal server error, data=null)]
2026-03-06T13:13:27.975+07:00 DEBUG 29556 --- [auth-service] [nio-8083-exec-8] .m.m.a.ExceptionHandlerExceptionResolver : Resolved [org.springframework.http.converter.HttpMessageNotReadableException: JSON parse error: Unexpected character ('e' (code 101)): was expecting double-quote to start field name]
2026-03-06T13:13:27.975+07:00 DEBUG 29556 --- [auth-service] [nio-8083-exec-8] o.s.web.servlet.DispatcherServlet        : Completed 500 INTERNAL_SERVER_ERROR
2026-03-06T13:13:27.991+07:00 DEBUG 29556 --- [auth-service] [nio-8083-exec-9] o.s.web.servlet.DispatcherServlet        : POST "/api/accounts/forgot-password/reset", parameters={}
2026-03-06T13:13:27.991+07:00 DEBUG 29556 --- [auth-service] [nio-8083-exec-9] s.w.s.m.m.a.RequestMappingHandlerMapping : Mapped to com.group1.auth_service.controller.AccountController#resetPassword(ResetPasswordRequest)
2026-03-06T13:13:27.992+07:00 DEBUG 29556 --- [auth-service] [nio-8083-exec-9] o.s.web.method.HandlerMethod             : Could not resolve parameter [0] in public org.springframework.http.ResponseEntity<com.group1.auth_service.dto.response.ApiResponse<java.lang.Void>> com.group1.auth_service.controller.AccountController.resetPassword(com.group1.auth_service.dto.request.ResetPasswordRequest): JSON parse error: Unexpected character ('e' (code 101)): was expecting double-quote to start field name
2026-03-06T13:13:27.992+07:00 DEBUG 29556 --- [auth-service] [nio-8083-exec-9] .m.m.a.ExceptionHandlerExceptionResolver : Using @ExceptionHandler com.group1.auth_service.exception.GlobalExceptionHandler#handleUnknownException(Exception)
2026-03-06T13:13:27.992+07:00 DEBUG 29556 --- [auth-service] [nio-8083-exec-9] o.s.w.s.m.m.a.HttpEntityMethodProcessor  : Using 'application/json', given [*/*] and supported [application/json, application/*+json]
2026-03-06T13:13:27.992+07:00 DEBUG 29556 --- [auth-service] [nio-8083-exec-9] o.s.w.s.m.m.a.HttpEntityMethodProcessor  : Writing [ApiResponse(success=false, message=Internal server error, data=null)]
2026-03-06T13:13:27.992+07:00 DEBUG 29556 --- [auth-service] [nio-8083-exec-9] .m.m.a.ExceptionHandlerExceptionResolver : Resolved [org.springframework.http.converter.HttpMessageNotReadableException: JSON parse error: Unexpected character ('e' (code 101)): was expecting double-quote to start field name]
2026-03-06T13:13:27.993+07:00 DEBUG 29556 --- [auth-service] [nio-8083-exec-9] o.s.web.servlet.DispatcherServlet        : Completed 500 INTERNAL_SERVER_ERROR
2026-03-06T13:13:28.008+07:00 DEBUG 29556 --- [auth-service] [io-8083-exec-10] o.s.web.servlet.DispatcherServlet        : POST "/api/accounts/forgot-password/reset", parameters={}
2026-03-06T13:13:28.008+07:00 DEBUG 29556 --- [auth-service] [io-8083-exec-10] s.w.s.m.m.a.RequestMappingHandlerMapping : Mapped to com.group1.auth_service.controller.AccountController#resetPassword(ResetPasswordRequest)
2026-03-06T13:13:28.009+07:00 DEBUG 29556 --- [auth-service] [io-8083-exec-10] o.s.web.method.HandlerMethod             : Could not resolve parameter [0] in public org.springframework.http.ResponseEntity<com.group1.auth_service.dto.response.ApiResponse<java.lang.Void>> com.group1.auth_service.controller.AccountController.resetPassword(com.group1.auth_service.dto.request.ResetPasswordRequest): JSON parse error: Unexpected character ('e' (code 101)): was expecting double-quote to start field name
2026-03-06T13:13:28.009+07:00 DEBUG 29556 --- [auth-service] [io-8083-exec-10] .m.m.a.ExceptionHandlerExceptionResolver : Using @ExceptionHandler com.group1.auth_service.exception.GlobalExceptionHandler#handleUnknownException(Exception)
2026-03-06T13:13:28.009+07:00 DEBUG 29556 --- [auth-service] [io-8083-exec-10] o.s.w.s.m.m.a.HttpEntityMethodProcessor  : Using 'application/json', given [*/*] and supported [application/json, application/*+json]
2026-03-06T13:13:28.010+07:00 DEBUG 29556 --- [auth-service] [io-8083-exec-10] o.s.w.s.m.m.a.HttpEntityMethodProcessor  : Writing [ApiResponse(success=false, message=Internal server error, data=null)]
2026-03-06T13:13:28.010+07:00 DEBUG 29556 --- [auth-service] [io-8083-exec-10] .m.m.a.ExceptionHandlerExceptionResolver : Resolved [org.springframework.http.converter.HttpMessageNotReadableException: JSON parse error: Unexpected character ('e' (code 101)): was expecting double-quote to start field name]
2026-03-06T13:13:28.010+07:00 DEBUG 29556 --- [auth-service] [io-8083-exec-10] o.s.web.servlet.DispatcherServlet        : Completed 500 INTERNAL_SERVER_ERROR
2026-03-06T13:13:28.026+07:00 DEBUG 29556 --- [auth-service] [nio-8083-exec-1] o.s.web.servlet.DispatcherServlet        : POST "/api/accounts/forgot-password/reset", parameters={}
2026-03-06T13:13:28.026+07:00 DEBUG 29556 --- [auth-service] [nio-8083-exec-1] s.w.s.m.m.a.RequestMappingHandlerMapping : Mapped to com.group1.auth_service.controller.AccountController#resetPassword(ResetPasswordRequest)
2026-03-06T13:13:28.027+07:00 DEBUG 29556 --- [auth-service] [nio-8083-exec-1] o.s.web.method.HandlerMethod             : Could not resolve parameter [0] in public org.springframework.http.ResponseEntity<com.group1.auth_service.dto.response.ApiResponse<java.lang.Void>> com.group1.auth_service.controller.AccountController.resetPassword(com.group1.auth_service.dto.request.ResetPasswordRequest): JSON parse error: Unexpected character ('e' (code 101)): was expecting double-quote to start field name
2026-03-06T13:13:28.027+07:00 DEBUG 29556 --- [auth-service] [nio-8083-exec-1] .m.m.a.ExceptionHandlerExceptionResolver : Using @ExceptionHandler com.group1.auth_service.exception.GlobalExceptionHandler#handleUnknownException(Exception)
2026-03-06T13:13:28.027+07:00 DEBUG 29556 --- [auth-service] [nio-8083-exec-1] o.s.w.s.m.m.a.HttpEntityMethodProcessor  : Using 'application/json', given [*/*] and supported [application/json, application/*+json]
2026-03-06T13:13:28.027+07:00 DEBUG 29556 --- [auth-service] [nio-8083-exec-1] o.s.w.s.m.m.a.HttpEntityMethodProcessor  : Writing [ApiResponse(success=false, message=Internal server error, data=null)]
2026-03-06T13:13:28.028+07:00 DEBUG 29556 --- [auth-service] [nio-8083-exec-1] .m.m.a.ExceptionHandlerExceptionResolver : Resolved [org.springframework.http.converter.HttpMessageNotReadableException: JSON parse error: Unexpected character ('e' (code 101)): was expecting double-quote to start field name]
2026-03-06T13:13:28.028+07:00 DEBUG 29556 --- [auth-service] [nio-8083-exec-1] o.s.web.servlet.DispatcherServlet        : Completed 500 INTERNAL_SERVER_ERROR
2026-03-06T13:13:28.044+07:00 DEBUG 29556 --- [auth-service] [nio-8083-exec-2] o.s.web.servlet.DispatcherServlet        : POST "/api/accounts/forgot-password/reset", parameters={}
2026-03-06T13:13:28.044+07:00 DEBUG 29556 --- [auth-service] [nio-8083-exec-2] s.w.s.m.m.a.RequestMappingHandlerMapping : Mapped to com.group1.auth_service.controller.AccountController#resetPassword(ResetPasswordRequest)
2026-03-06T13:13:28.044+07:00 DEBUG 29556 --- [auth-service] [nio-8083-exec-2] o.s.web.method.HandlerMethod             : Could not resolve parameter [0] in public org.springframework.http.ResponseEntity<com.group1.auth_service.dto.response.ApiResponse<java.lang.Void>> com.group1.auth_service.controller.AccountController.resetPassword(com.group1.auth_service.dto.request.ResetPasswordRequest): JSON parse error: Unexpected character ('e' (code 101)): was expecting double-quote to start field name
2026-03-06T13:13:28.045+07:00 DEBUG 29556 --- [auth-service] [nio-8083-exec-2] .m.m.a.ExceptionHandlerExceptionResolver : Using @ExceptionHandler com.group1.auth_service.exception.GlobalExceptionHandler#handleUnknownException(Exception)
2026-03-06T13:13:28.045+07:00 DEBUG 29556 --- [auth-service] [nio-8083-exec-2] o.s.w.s.m.m.a.HttpEntityMethodProcessor  : Using 'application/json', given [*/*] and supported [application/json, application/*+json]
2026-03-06T13:13:28.045+07:00 DEBUG 29556 --- [auth-service] [nio-8083-exec-2] o.s.w.s.m.m.a.HttpEntityMethodProcessor  : Writing [ApiResponse(success=false, message=Internal server error, data=null)]
2026-03-06T13:13:28.045+07:00 DEBUG 29556 --- [auth-service] [nio-8083-exec-2] .m.m.a.ExceptionHandlerExceptionResolver : Resolved [org.springframework.http.converter.HttpMessageNotReadableException: JSON parse error: Unexpected character ('e' (code 101)): was expecting double-quote to start field name]
2026-03-06T13:13:28.045+07:00 DEBUG 29556 --- [auth-service] [nio-8083-exec-2] o.s.web.servlet.DispatcherServlet        : Completed 500 INTERNAL_SERVER_ERROR
2026-03-06T13:13:28.061+07:00 DEBUG 29556 --- [auth-service] [nio-8083-exec-3] o.s.web.servlet.DispatcherServlet        : POST "/api/accounts/forgot-password/reset", parameters={}
2026-03-06T13:13:28.061+07:00 DEBUG 29556 --- [auth-service] [nio-8083-exec-3] s.w.s.m.m.a.RequestMappingHandlerMapping : Mapped to com.group1.auth_service.controller.AccountController#resetPassword(ResetPasswordRequest)
2026-03-06T13:13:28.061+07:00 DEBUG 29556 --- [auth-service] [nio-8083-exec-3] o.s.web.method.HandlerMethod             : Could not resolve parameter [0] in public org.springframework.http.ResponseEntity<com.group1.auth_service.dto.response.ApiResponse<java.lang.Void>> com.group1.auth_service.controller.AccountController.resetPassword(com.group1.auth_service.dto.request.ResetPasswordRequest): JSON parse error: Unexpected character ('e' (code 101)): was expecting double-quote to start field name
2026-03-06T13:13:28.062+07:00 DEBUG 29556 --- [auth-service] [nio-8083-exec-3] .m.m.a.ExceptionHandlerExceptionResolver : Using @ExceptionHandler com.group1.auth_service.exception.GlobalExceptionHandler#handleUnknownException(Exception)
2026-03-06T13:13:28.062+07:00 DEBUG 29556 --- [auth-service] [nio-8083-exec-3] o.s.w.s.m.m.a.HttpEntityMethodProcessor  : Using 'application/json', given [*/*] and supported [application/json, application/*+json]
2026-03-06T13:13:28.062+07:00 DEBUG 29556 --- [auth-service] [nio-8083-exec-3] o.s.w.s.m.m.a.HttpEntityMethodProcessor  : Writing [ApiResponse(success=false, message=Internal server error, data=null)]
2026-03-06T13:13:28.063+07:00 DEBUG 29556 --- [auth-service] [nio-8083-exec-3] .m.m.a.ExceptionHandlerExceptionResolver : Resolved [org.springframework.http.converter.HttpMessageNotReadableException: JSON parse error: Unexpected character ('e' (code 101)): was expecting double-quote to start field name]
2026-03-06T13:13:28.063+07:00 DEBUG 29556 --- [auth-service] [nio-8083-exec-3] o.s.web.servlet.DispatcherServlet        : Completed 500 INTERNAL_SERVER_ERROR
2026-03-06T13:13:28.079+07:00 DEBUG 29556 --- [auth-service] [nio-8083-exec-4] o.s.web.servlet.DispatcherServlet        : POST "/api/accounts/forgot-password/reset", parameters={}
2026-03-06T13:13:28.079+07:00 DEBUG 29556 --- [auth-service] [nio-8083-exec-4] s.w.s.m.m.a.RequestMappingHandlerMapping : Mapped to com.group1.auth_service.controller.AccountController#resetPassword(ResetPasswordRequest)
2026-03-06T13:13:28.080+07:00 DEBUG 29556 --- [auth-service] [nio-8083-exec-4] o.s.web.method.HandlerMethod             : Could not resolve parameter [0] in public org.springframework.http.ResponseEntity<com.group1.auth_service.dto.response.ApiResponse<java.lang.Void>> com.group1.auth_service.controller.AccountController.resetPassword(com.group1.auth_service.dto.request.ResetPasswordRequest): JSON parse error: Unexpected character ('e' (code 101)): was expecting double-quote to start field name
2026-03-06T13:13:28.080+07:00 DEBUG 29556 --- [auth-service] [nio-8083-exec-4] .m.m.a.ExceptionHandlerExceptionResolver : Using @ExceptionHandler com.group1.auth_service.exception.GlobalExceptionHandler#handleUnknownException(Exception)
2026-03-06T13:13:28.080+07:00 DEBUG 29556 --- [auth-service] [nio-8083-exec-4] o.s.w.s.m.m.a.HttpEntityMethodProcessor  : Using 'application/json', given [*/*] and supported [application/json, application/*+json]
2026-03-06T13:13:28.080+07:00 DEBUG 29556 --- [auth-service] [nio-8083-exec-4] o.s.w.s.m.m.a.HttpEntityMethodProcessor  : Writing [ApiResponse(success=false, message=Internal server error, data=null)]
2026-03-06T13:13:28.080+07:00 DEBUG 29556 --- [auth-service] [nio-8083-exec-4] .m.m.a.ExceptionHandlerExceptionResolver : Resolved [org.springframework.http.converter.HttpMessageNotReadableException: JSON parse error: Unexpected character ('e' (code 101)): was expecting double-quote to start field name]
2026-03-06T13:13:28.081+07:00 DEBUG 29556 --- [auth-service] [nio-8083-exec-4] o.s.web.servlet.DispatcherServlet        : Completed 500 INTERNAL_SERVER_ERROR
2026-03-06T13:13:28.097+07:00 DEBUG 29556 --- [auth-service] [nio-8083-exec-5] o.s.web.servlet.DispatcherServlet        : POST "/api/accounts/forgot-password/reset", parameters={}
2026-03-06T13:13:28.097+07:00 DEBUG 29556 --- [auth-service] [nio-8083-exec-5] s.w.s.m.m.a.RequestMappingHandlerMapping : Mapped to com.group1.auth_service.controller.AccountController#resetPassword(ResetPasswordRequest)
2026-03-06T13:13:28.097+07:00 DEBUG 29556 --- [auth-service] [nio-8083-exec-5] o.s.web.method.HandlerMethod             : Could not resolve parameter [0] in public org.springframework.http.ResponseEntity<com.group1.auth_service.dto.response.ApiResponse<java.lang.Void>> com.group1.auth_service.controller.AccountController.resetPassword(com.group1.auth_service.dto.request.ResetPasswordRequest): JSON parse error: Unexpected character ('e' (code 101)): was expecting double-quote to start field name
2026-03-06T13:13:28.097+07:00 DEBUG 29556 --- [auth-service] [nio-8083-exec-5] .m.m.a.ExceptionHandlerExceptionResolver : Using @ExceptionHandler com.group1.auth_service.exception.GlobalExceptionHandler#handleUnknownException(Exception)
2026-03-06T13:13:28.098+07:00 DEBUG 29556 --- [auth-service] [nio-8083-exec-5] o.s.w.s.m.m.a.HttpEntityMethodProcessor  : Using 'application/json', given [*/*] and supported [application/json, application/*+json]
2026-03-06T13:13:28.098+07:00 DEBUG 29556 --- [auth-service] [nio-8083-exec-5] o.s.w.s.m.m.a.HttpEntityMethodProcessor  : Writing [ApiResponse(success=false, message=Internal server error, data=null)]
2026-03-06T13:13:28.098+07:00 DEBUG 29556 --- [auth-service] [nio-8083-exec-5] .m.m.a.ExceptionHandlerExceptionResolver : Resolved [org.springframework.http.converter.HttpMessageNotReadableException: JSON parse error: Unexpected character ('e' (code 101)): was expecting double-quote to start field name]
2026-03-06T13:13:28.098+07:00 DEBUG 29556 --- [auth-service] [nio-8083-exec-5] o.s.web.servlet.DispatcherServlet        : Completed 500 INTERNAL_SERVER_ERROR
2026-03-06T13:13:35.966+07:00 DEBUG 29556 --- [auth-service] [nio-8083-exec-6] o.s.web.servlet.DispatcherServlet        : POST "/api/auth/login", parameters={}
2026-03-06T13:13:35.967+07:00 DEBUG 29556 --- [auth-service] [nio-8083-exec-6] s.w.s.m.m.a.RequestMappingHandlerMapping : Mapped to com.group1.auth_service.controller.AuthController#login(LoginRequest)
2026-03-06T13:13:35.968+07:00 DEBUG 29556 --- [auth-service] [nio-8083-exec-6] m.m.a.RequestResponseBodyMethodProcessor : Read "application/json;charset=UTF-8" to [LoginRequest(username=apitest_story, password=123456)]
2026-03-06T13:13:35.969+07:00 DEBUG 29556 --- [auth-service] [nio-8083-exec-6] org.hibernate.SQL                        : 
    select
        u1_0.id,
        u1_0.avatar_url,
        u1_0.created_at,
        u1_0.email,
        u1_0.full_name,
        u1_0.last_login_at,
        u1_0.password,
        u1_0.password_changed_at,
        u1_0.phone,
        u1_0.role_id,
        u1_0.status,
        u1_0.updated_at,
        u1_0.username 
    from
        users u1_0 
    where
        u1_0.username=?
Hibernate: 
    select
        u1_0.id,
        u1_0.avatar_url,
        u1_0.created_at,
        u1_0.email,
        u1_0.full_name,
        u1_0.last_login_at,
        u1_0.password,
        u1_0.password_changed_at,
        u1_0.phone,
        u1_0.role_id,
        u1_0.status,
        u1_0.updated_at,
        u1_0.username 
    from
        users u1_0 
    where
        u1_0.username=?
2026-03-06T13:13:35.971+07:00 DEBUG 29556 --- [auth-service] [nio-8083-exec-6] org.hibernate.SQL                        : 
    select
        r1_0.id,
        r1_0.description,
        r1_0.name 
    from
        roles r1_0 
    where
        r1_0.id=?
Hibernate: 
    select
        r1_0.id,
        r1_0.description,
        r1_0.name 
    from
        roles r1_0 
    where
        r1_0.id=?
2026-03-06T13:13:36.045+07:00 DEBUG 29556 --- [auth-service] [nio-8083-exec-6] o.s.w.s.m.m.a.HttpEntityMethodProcessor  : Using 'application/json', given [*/*] and supported [application/json, application/*+json]
2026-03-06T13:13:36.046+07:00 DEBUG 29556 --- [auth-service] [nio-8083-exec-6] o.s.w.s.m.m.a.HttpEntityMethodProcessor  : Writing [{token=eyJhbGciOiJIUzI1NiJ9.eyJzdWIiOiJhcGl0ZXN0X3N0b3J5Iiwicm9sZSI6IlJPTEVfVVNFUiIsImlhdCI6MTc3Mjc3 (truncated)...]
2026-03-06T13:13:36.047+07:00 DEBUG 29556 --- [auth-service] [nio-8083-exec-6] o.s.web.servlet.DispatcherServlet        : Completed 200 OK
2026-03-06T13:13:57.478+07:00 DEBUG 29556 --- [auth-service] [nio-8083-exec-7] o.s.web.servlet.DispatcherServlet        : POST "/api/auth/login", parameters={}
2026-03-06T13:13:57.478+07:00 DEBUG 29556 --- [auth-service] [nio-8083-exec-7] s.w.s.m.m.a.RequestMappingHandlerMapping : Mapped to com.group1.auth_service.controller.AuthController#login(LoginRequest)
2026-03-06T13:13:57.480+07:00 DEBUG 29556 --- [auth-service] [nio-8083-exec-7] m.m.a.RequestResponseBodyMethodProcessor : Read "application/json;charset=UTF-8" to [LoginRequest(username=apitest_story, password=123456)]
2026-03-06T13:13:57.482+07:00 DEBUG 29556 --- [auth-service] [nio-8083-exec-7] org.hibernate.SQL                        : 
    select
        u1_0.id,
        u1_0.avatar_url,
        u1_0.created_at,
        u1_0.email,
        u1_0.full_name,
        u1_0.last_login_at,
        u1_0.password,
        u1_0.password_changed_at,
        u1_0.phone,
        u1_0.role_id,
        u1_0.status,
        u1_0.updated_at,
        u1_0.username 
    from
        users u1_0 
    where
        u1_0.username=?
Hibernate: 
    select
        u1_0.id,
        u1_0.avatar_url,
        u1_0.created_at,
        u1_0.email,
        u1_0.full_name,
        u1_0.last_login_at,
        u1_0.password,
        u1_0.password_changed_at,
        u1_0.phone,
        u1_0.role_id,
        u1_0.status,
        u1_0.updated_at,
        u1_0.username 
    from
        users u1_0 
    where
        u1_0.username=?
2026-03-06T13:13:57.485+07:00 DEBUG 29556 --- [auth-service] [nio-8083-exec-7] org.hibernate.SQL                        : 
    select
        r1_0.id,
        r1_0.description,
        r1_0.name 
    from
        roles r1_0 
    where
        r1_0.id=?
Hibernate: 
    select
        r1_0.id,
        r1_0.description,
        r1_0.name 
    from
        roles r1_0 
    where
        r1_0.id=?
2026-03-06T13:13:57.545+07:00 DEBUG 29556 --- [auth-service] [nio-8083-exec-7] o.s.w.s.m.m.a.HttpEntityMethodProcessor  : Using 'application/json', given [*/*] and supported [application/json, application/*+json]
2026-03-06T13:13:57.549+07:00 DEBUG 29556 --- [auth-service] [nio-8083-exec-7] o.s.w.s.m.m.a.HttpEntityMethodProcessor  : Writing [{token=eyJhbGciOiJIUzI1NiJ9.eyJzdWIiOiJhcGl0ZXN0X3N0b3J5Iiwicm9sZSI6IlJPTEVfVVNFUiIsImlhdCI6MTc3Mjc3 (truncated)...]
2026-03-06T13:13:57.551+07:00 DEBUG 29556 --- [auth-service] [nio-8083-exec-7] o.s.web.servlet.DispatcherServlet        : Completed 200 OK
2026-03-06T13:13:57.585+07:00 DEBUG 29556 --- [auth-service] [nio-8083-exec-8] org.hibernate.SQL                        : 
    select
        rt1_0.id 
    from
        revoked_tokens rt1_0 
    where
        rt1_0.token=? 
    limit
        ?
Hibernate: 
    select
        rt1_0.id 
    from
        revoked_tokens rt1_0 
    where
        rt1_0.token=? 
    limit
        ?
2026-03-06T13:13:57.628+07:00 DEBUG 29556 --- [auth-service] [nio-8083-exec-8] org.hibernate.SQL                        : 
    select
        u1_0.id,
        u1_0.avatar_url,
        u1_0.created_at,
        u1_0.email,
        u1_0.full_name,
        u1_0.last_login_at,
        u1_0.password,
        u1_0.password_changed_at,
        u1_0.phone,
        u1_0.role_id,
        u1_0.status,
        u1_0.updated_at,
        u1_0.username 
    from
        users u1_0 
    where
        u1_0.username=?
Hibernate: 
    select
        u1_0.id,
        u1_0.avatar_url,
        u1_0.created_at,
        u1_0.email,
        u1_0.full_name,
        u1_0.last_login_at,
        u1_0.password,
        u1_0.password_changed_at,
        u1_0.phone,
        u1_0.role_id,
        u1_0.status,
        u1_0.updated_at,
        u1_0.username 
    from
        users u1_0 
    where
        u1_0.username=?
2026-03-06T13:13:57.629+07:00 DEBUG 29556 --- [auth-service] [nio-8083-exec-8] org.hibernate.SQL                        : 
    select
        r1_0.id,
        r1_0.description,
        r1_0.name 
    from
        roles r1_0 
    where
        r1_0.id=?
Hibernate: 
    select
        r1_0.id,
        r1_0.description,
        r1_0.name 
    from
        roles r1_0 
    where
        r1_0.id=?
2026-03-06T13:13:57.632+07:00 DEBUG 29556 --- [auth-service] [nio-8083-exec-8] org.hibernate.SQL                        : 
    select
        u1_0.id,
        u1_0.avatar_url,
        u1_0.created_at,
        u1_0.email,
        u1_0.full_name,
        u1_0.last_login_at,
        u1_0.password,
        u1_0.password_changed_at,
        u1_0.phone,
        u1_0.role_id,
        u1_0.status,
        u1_0.updated_at,
        u1_0.username 
    from
        users u1_0 
    where
        u1_0.username=?
Hibernate: 
    select
        u1_0.id,
        u1_0.avatar_url,
        u1_0.created_at,
        u1_0.email,
        u1_0.full_name,
        u1_0.last_login_at,
        u1_0.password,
        u1_0.password_changed_at,
        u1_0.phone,
        u1_0.role_id,
        u1_0.status,
        u1_0.updated_at,
        u1_0.username 
    from
        users u1_0 
    where
        u1_0.username=?
2026-03-06T13:13:57.633+07:00 DEBUG 29556 --- [auth-service] [nio-8083-exec-8] org.hibernate.SQL                        : 
    select
        r1_0.id,
        r1_0.description,
        r1_0.name 
    from
        roles r1_0 
    where
        r1_0.id=?
Hibernate: 
    select
        r1_0.id,
        r1_0.description,
        r1_0.name 
    from
        roles r1_0 
    where
        r1_0.id=?
SETTING AUTH FOR: apitest_story
2026-03-06T13:13:57.636+07:00 DEBUG 29556 --- [auth-service] [nio-8083-exec-8] o.s.web.servlet.DispatcherServlet        : PUT "/api/accounts/me", parameters={}
2026-03-06T13:13:57.636+07:00 DEBUG 29556 --- [auth-service] [nio-8083-exec-8] s.w.s.m.m.a.RequestMappingHandlerMapping : Mapped to com.group1.auth_service.controller.AccountController#updateAccount(Authentication, UpdateAccountRequest)
2026-03-06T13:13:57.639+07:00 DEBUG 29556 --- [auth-service] [nio-8083-exec-8] m.m.a.RequestResponseBodyMethodProcessor : Read "application/json;charset=UTF-8" to [UpdateAccountRequest(fullName=Story 9 User, phone=+84901234567, avatarUrl=https://example.com/a.jpg)]
2026-03-06T13:13:57.647+07:00 DEBUG 29556 --- [auth-service] [nio-8083-exec-8] org.hibernate.SQL                        : 
    select
        u1_0.id,
        u1_0.avatar_url,
        u1_0.created_at,
        u1_0.email,
        u1_0.full_name,
        u1_0.last_login_at,
        u1_0.password,
        u1_0.password_changed_at,
        u1_0.phone,
        u1_0.role_id,
        u1_0.status,
        u1_0.updated_at,
        u1_0.username 
    from
        users u1_0 
    where
        u1_0.username=?
Hibernate: 
    select
        u1_0.id,
        u1_0.avatar_url,
        u1_0.created_at,
        u1_0.email,
        u1_0.full_name,
        u1_0.last_login_at,
        u1_0.password,
        u1_0.password_changed_at,
        u1_0.phone,
        u1_0.role_id,
        u1_0.status,
        u1_0.updated_at,
        u1_0.username 
    from
        users u1_0 
    where
        u1_0.username=?
2026-03-06T13:13:57.648+07:00 DEBUG 29556 --- [auth-service] [nio-8083-exec-8] org.hibernate.SQL                        : 
    select
        r1_0.id,
        r1_0.description,
        r1_0.name 
    from
        roles r1_0 
    where
        r1_0.id=?
Hibernate: 
    select
        r1_0.id,
        r1_0.description,
        r1_0.name 
    from
        roles r1_0 
    where
        r1_0.id=?
2026-03-06T13:13:57.650+07:00 DEBUG 29556 --- [auth-service] [nio-8083-exec-8] org.hibernate.SQL                        : 
    update
        users 
    set
        avatar_url=?,
        email=?,
        full_name=?,
        last_login_at=?,
        password=?,
        password_changed_at=?,
        phone=?,
        role_id=?,
        status=?,
        updated_at=?,
        username=? 
    where
        id=?
Hibernate: 
    update
        users 
    set
        avatar_url=?,
        email=?,
        full_name=?,
        last_login_at=?,
        password=?,
        password_changed_at=?,
        phone=?,
        role_id=?,
        status=?,
        updated_at=?,
        username=? 
    where
        id=?
2026-03-06T13:13:57.654+07:00 DEBUG 29556 --- [auth-service] [nio-8083-exec-8] o.s.w.s.m.m.a.HttpEntityMethodProcessor  : Using 'application/json', given [*/*] and supported [application/json, application/*+json]
2026-03-06T13:13:57.656+07:00 DEBUG 29556 --- [auth-service] [nio-8083-exec-8] o.s.w.s.m.m.a.HttpEntityMethodProcessor  : Writing [ApiResponse(success=true, message=Account updated successfully., data=AccountResponse(id=5, username (truncated)...]
2026-03-06T13:13:57.657+07:00 DEBUG 29556 --- [auth-service] [nio-8083-exec-8] o.s.web.servlet.DispatcherServlet        : Completed 200 OK
2026-03-06T13:13:57.698+07:00 DEBUG 29556 --- [auth-service] [io-8083-exec-10] org.hibernate.SQL                        : 
    select
        rt1_0.id 
    from
        revoked_tokens rt1_0 
    where
        rt1_0.token=? 
    limit
        ?
Hibernate: 
    select
        rt1_0.id 
    from
        revoked_tokens rt1_0 
    where
        rt1_0.token=? 
    limit
        ?
2026-03-06T13:13:57.704+07:00 DEBUG 29556 --- [auth-service] [io-8083-exec-10] org.hibernate.SQL                        : 
    select
        u1_0.id,
        u1_0.avatar_url,
        u1_0.created_at,
        u1_0.email,
        u1_0.full_name,
        u1_0.last_login_at,
        u1_0.password,
        u1_0.password_changed_at,
        u1_0.phone,
        u1_0.role_id,
        u1_0.status,
        u1_0.updated_at,
        u1_0.username 
    from
        users u1_0 
    where
        u1_0.username=?
Hibernate: 
    select
        u1_0.id,
        u1_0.avatar_url,
        u1_0.created_at,
        u1_0.email,
        u1_0.full_name,
        u1_0.last_login_at,
        u1_0.password,
        u1_0.password_changed_at,
        u1_0.phone,
        u1_0.role_id,
        u1_0.status,
        u1_0.updated_at,
        u1_0.username 
    from
        users u1_0 
    where
        u1_0.username=?
2026-03-06T13:13:57.710+07:00 DEBUG 29556 --- [auth-service] [io-8083-exec-10] org.hibernate.SQL                        : 
    select
        r1_0.id,
        r1_0.description,
        r1_0.name 
    from
        roles r1_0 
    where
        r1_0.id=?
Hibernate: 
    select
        r1_0.id,
        r1_0.description,
        r1_0.name 
    from
        roles r1_0 
    where
        r1_0.id=?
2026-03-06T13:13:57.716+07:00 DEBUG 29556 --- [auth-service] [io-8083-exec-10] org.hibernate.SQL                        : 
    select
        u1_0.id,
        u1_0.avatar_url,
        u1_0.created_at,
        u1_0.email,
        u1_0.full_name,
        u1_0.last_login_at,
        u1_0.password,
        u1_0.password_changed_at,
        u1_0.phone,
        u1_0.role_id,
        u1_0.status,
        u1_0.updated_at,
        u1_0.username 
    from
        users u1_0 
    where
        u1_0.username=?
Hibernate: 
    select
        u1_0.id,
        u1_0.avatar_url,
        u1_0.created_at,
        u1_0.email,
        u1_0.full_name,
        u1_0.last_login_at,
        u1_0.password,
        u1_0.password_changed_at,
        u1_0.phone,
        u1_0.role_id,
        u1_0.status,
        u1_0.updated_at,
        u1_0.username 
    from
        users u1_0 
    where
        u1_0.username=?
2026-03-06T13:13:57.719+07:00 DEBUG 29556 --- [auth-service] [io-8083-exec-10] org.hibernate.SQL                        : 
    select
        r1_0.id,
        r1_0.description,
        r1_0.name 
    from
        roles r1_0 
    where
        r1_0.id=?
Hibernate: 
    select
        r1_0.id,
        r1_0.description,
        r1_0.name 
    from
        roles r1_0 
    where
        r1_0.id=?
SETTING AUTH FOR: apitest_story
2026-03-06T13:13:57.723+07:00 DEBUG 29556 --- [auth-service] [io-8083-exec-10] o.s.web.servlet.DispatcherServlet        : PUT "/api/accounts/me", parameters={}
2026-03-06T13:13:57.724+07:00 DEBUG 29556 --- [auth-service] [io-8083-exec-10] s.w.s.m.m.a.RequestMappingHandlerMapping : Mapped to com.group1.auth_service.controller.AccountController#updateAccount(Authentication, UpdateAccountRequest)
2026-03-06T13:13:57.725+07:00 DEBUG 29556 --- [auth-service] [io-8083-exec-10] m.m.a.RequestResponseBodyMethodProcessor : Read "application/json;charset=UTF-8" to [UpdateAccountRequest(fullName=Story 9 User, phone=abc, avatarUrl=https://example.com/a.jpg)]
2026-03-06T13:13:57.726+07:00 DEBUG 29556 --- [auth-service] [io-8083-exec-10] .m.m.a.ExceptionHandlerExceptionResolver : Using @ExceptionHandler com.group1.auth_service.exception.GlobalExceptionHandler#handleValidationException(MethodArgumentNotValidException)
2026-03-06T13:13:57.726+07:00 DEBUG 29556 --- [auth-service] [io-8083-exec-10] o.s.w.s.m.m.a.HttpEntityMethodProcessor  : Using 'application/json', given [*/*] and supported [application/json, application/*+json]
2026-03-06T13:13:57.727+07:00 DEBUG 29556 --- [auth-service] [io-8083-exec-10] o.s.w.s.m.m.a.HttpEntityMethodProcessor  : Writing [ApiResponse(success=false, message=Invalid phone format, data=null)]
2026-03-06T13:13:57.727+07:00 DEBUG 29556 --- [auth-service] [io-8083-exec-10] .m.m.a.ExceptionHandlerExceptionResolver : Resolved [org.springframework.web.bind.MethodArgumentNotValidException: Validation failed for argument [1] in public org.springframework.http.ResponseEntity<com.group1.auth_service.dto.response.ApiResponse<com.group1.auth_service.dto.response.AccountResponse>> com.group1.auth_service.controller.AccountController.updateAccount(org.springframework.security.core.Authentication,com.group1.auth_service.dto.request.UpdateAccountRequest): [Field error in object 'updateAccountRequest' on field 'phone': rejected value [abc]; codes [Pattern.updateAccountRequest.phone,Pattern.phone,Pattern.java.lang.String,Pattern]; arguments [org.springframework.context.support.DefaultMessageSourceResolvable: codes [updateAccountRequest.phone,phone]; arguments []; default message [phone],[Ljakarta.validation.constraints.Pattern$Flag;@613c7c27,^\+?[0-9]{9,15}$]; default message [Invalid phone format]] ]
2026-03-06T13:13:57.728+07:00 DEBUG 29556 --- [auth-service] [io-8083-exec-10] o.s.web.servlet.DispatcherServlet        : Completed 400 BAD_REQUEST
2026-03-06T13:13:57.750+07:00 DEBUG 29556 --- [auth-service] [nio-8083-exec-1] org.hibernate.SQL                        : 
    select
        rt1_0.id 
    from
        revoked_tokens rt1_0 
    where
        rt1_0.token=? 
    limit
        ?
Hibernate: 
    select
        rt1_0.id 
    from
        revoked_tokens rt1_0 
    where
        rt1_0.token=? 
    limit
        ?
2026-03-06T13:13:57.752+07:00 DEBUG 29556 --- [auth-service] [nio-8083-exec-1] org.hibernate.SQL                        : 
    select
        u1_0.id,
        u1_0.avatar_url,
        u1_0.created_at,
        u1_0.email,
        u1_0.full_name,
        u1_0.last_login_at,
        u1_0.password,
        u1_0.password_changed_at,
        u1_0.phone,
        u1_0.role_id,
        u1_0.status,
        u1_0.updated_at,
        u1_0.username 
    from
        users u1_0 
    where
        u1_0.username=?
Hibernate: 
    select
        u1_0.id,
        u1_0.avatar_url,
        u1_0.created_at,
        u1_0.email,
        u1_0.full_name,
        u1_0.last_login_at,
        u1_0.password,
        u1_0.password_changed_at,
        u1_0.phone,
        u1_0.role_id,
        u1_0.status,
        u1_0.updated_at,
        u1_0.username 
    from
        users u1_0 
    where
        u1_0.username=?
2026-03-06T13:13:57.752+07:00 DEBUG 29556 --- [auth-service] [nio-8083-exec-1] org.hibernate.SQL                        : 
    select
        r1_0.id,
        r1_0.description,
        r1_0.name 
    from
        roles r1_0 
    where
        r1_0.id=?
Hibernate: 
    select
        r1_0.id,
        r1_0.description,
        r1_0.name 
    from
        roles r1_0 
    where
        r1_0.id=?
2026-03-06T13:13:57.755+07:00 DEBUG 29556 --- [auth-service] [nio-8083-exec-1] org.hibernate.SQL                        : 
    select
        u1_0.id,
        u1_0.avatar_url,
        u1_0.created_at,
        u1_0.email,
        u1_0.full_name,
        u1_0.last_login_at,
        u1_0.password,
        u1_0.password_changed_at,
        u1_0.phone,
        u1_0.role_id,
        u1_0.status,
        u1_0.updated_at,
        u1_0.username 
    from
        users u1_0 
    where
        u1_0.username=?
Hibernate: 
    select
        u1_0.id,
        u1_0.avatar_url,
        u1_0.created_at,
        u1_0.email,
        u1_0.full_name,
        u1_0.last_login_at,
        u1_0.password,
        u1_0.password_changed_at,
        u1_0.phone,
        u1_0.role_id,
        u1_0.status,
        u1_0.updated_at,
        u1_0.username 
    from
        users u1_0 
    where
        u1_0.username=?
2026-03-06T13:13:57.756+07:00 DEBUG 29556 --- [auth-service] [nio-8083-exec-1] org.hibernate.SQL                        : 
    select
        r1_0.id,
        r1_0.description,
        r1_0.name 
    from
        roles r1_0 
    where
        r1_0.id=?
Hibernate: 
    select
        r1_0.id,
        r1_0.description,
        r1_0.name 
    from
        roles r1_0 
    where
        r1_0.id=?
SETTING AUTH FOR: apitest_story
2026-03-06T13:13:57.775+07:00 DEBUG 29556 --- [auth-service] [nio-8083-exec-1] o.s.web.servlet.DispatcherServlet        : PUT "/api/accounts/me", parameters={}
2026-03-06T13:13:57.775+07:00 DEBUG 29556 --- [auth-service] [nio-8083-exec-1] s.w.s.m.m.a.RequestMappingHandlerMapping : Mapped to com.group1.auth_service.controller.AccountController#updateAccount(Authentication, UpdateAccountRequest)
2026-03-06T13:13:57.775+07:00 DEBUG 29556 --- [auth-service] [nio-8083-exec-1] m.m.a.RequestResponseBodyMethodProcessor : Read "application/json;charset=UTF-8" to [UpdateAccountRequest(fullName=XXXXXXXXXXXXXXXXXXXXXXXXXXXXXXXXXXXXXXXXXXXXXXXXXXXXXXXXXXXXXXXXXXXXXX (truncated)...]
2026-03-06T13:13:57.775+07:00 DEBUG 29556 --- [auth-service] [nio-8083-exec-1] .m.m.a.ExceptionHandlerExceptionResolver : Using @ExceptionHandler com.group1.auth_service.exception.GlobalExceptionHandler#handleValidationException(MethodArgumentNotValidException)
2026-03-06T13:13:57.775+07:00 DEBUG 29556 --- [auth-service] [nio-8083-exec-1] o.s.w.s.m.m.a.HttpEntityMethodProcessor  : Using 'application/json', given [*/*] and supported [application/json, application/*+json]
2026-03-06T13:13:57.775+07:00 DEBUG 29556 --- [auth-service] [nio-8083-exec-1] o.s.w.s.m.m.a.HttpEntityMethodProcessor  : Writing [ApiResponse(success=false, message=Full name too long, data=null)]
2026-03-06T13:13:57.777+07:00 DEBUG 29556 --- [auth-service] [nio-8083-exec-1] .m.m.a.ExceptionHandlerExceptionResolver : Resolved [org.springframework.web.bind.MethodArgumentNotValidException: Validation failed for argument [1] in public org.springframework.http.ResponseEntity<com.group1.auth_service.dto.response.ApiResponse<com.group1.auth_service.dto.response.AccountResponse>> com.group1.auth_service.controller.AccountController.updateAccount(org.springframework.security.core.Authentication,com.group1.auth_service.dto.request.UpdateAccountRequest): [Field error in object 'updateAccountRequest' on field 'fullName': rejected value [XXXXXXXXXXXXXXXXXXXXXXXXXXXXXXXXXXXXXXXXXXXXXXXXXXXXXXXXXXXXXXXXXXXXXXXXXXXXXXXXXXXXXXXXXXXXXXXXXXXXX]; codes [Size.updateAccountRequest.fullName,Size.fullName,Size.java.lang.String,Size]; arguments [org.springframework.context.support.DefaultMessageSourceResolvable: codes [updateAccountRequest.fullName,fullName]; arguments []; default message [fullName],100,0]; default message [Full name too long]] ]
2026-03-06T13:13:57.777+07:00 DEBUG 29556 --- [auth-service] [nio-8083-exec-1] o.s.web.servlet.DispatcherServlet        : Completed 400 BAD_REQUEST
2026-03-06T13:13:57.798+07:00 DEBUG 29556 --- [auth-service] [nio-8083-exec-2] org.hibernate.SQL                        : 
    select
        rt1_0.id 
    from
        revoked_tokens rt1_0 
    where
        rt1_0.token=? 
    limit
        ?
Hibernate: 
    select
        rt1_0.id 
    from
        revoked_tokens rt1_0 
    where
        rt1_0.token=? 
    limit
        ?
2026-03-06T13:13:57.801+07:00 DEBUG 29556 --- [auth-service] [nio-8083-exec-2] org.hibernate.SQL                        : 
    select
        u1_0.id,
        u1_0.avatar_url,
        u1_0.created_at,
        u1_0.email,
        u1_0.full_name,
        u1_0.last_login_at,
        u1_0.password,
        u1_0.password_changed_at,
        u1_0.phone,
        u1_0.role_id,
        u1_0.status,
        u1_0.updated_at,
        u1_0.username 
    from
        users u1_0 
    where
        u1_0.username=?
Hibernate: 
    select
        u1_0.id,
        u1_0.avatar_url,
        u1_0.created_at,
        u1_0.email,
        u1_0.full_name,
        u1_0.last_login_at,
        u1_0.password,
        u1_0.password_changed_at,
        u1_0.phone,
        u1_0.role_id,
        u1_0.status,
        u1_0.updated_at,
        u1_0.username 
    from
        users u1_0 
    where
        u1_0.username=?
2026-03-06T13:13:57.802+07:00 DEBUG 29556 --- [auth-service] [nio-8083-exec-2] org.hibernate.SQL                        : 
    select
        r1_0.id,
        r1_0.description,
        r1_0.name 
    from
        roles r1_0 
    where
        r1_0.id=?
Hibernate: 
    select
        r1_0.id,
        r1_0.description,
        r1_0.name 
    from
        roles r1_0 
    where
        r1_0.id=?
2026-03-06T13:13:57.805+07:00 DEBUG 29556 --- [auth-service] [nio-8083-exec-2] org.hibernate.SQL                        : 
    select
        u1_0.id,
        u1_0.avatar_url,
        u1_0.created_at,
        u1_0.email,
        u1_0.full_name,
        u1_0.last_login_at,
        u1_0.password,
        u1_0.password_changed_at,
        u1_0.phone,
        u1_0.role_id,
        u1_0.status,
        u1_0.updated_at,
        u1_0.username 
    from
        users u1_0 
    where
        u1_0.username=?
Hibernate: 
    select
        u1_0.id,
        u1_0.avatar_url,
        u1_0.created_at,
        u1_0.email,
        u1_0.full_name,
        u1_0.last_login_at,
        u1_0.password,
        u1_0.password_changed_at,
        u1_0.phone,
        u1_0.role_id,
        u1_0.status,
        u1_0.updated_at,
        u1_0.username 
    from
        users u1_0 
    where
        u1_0.username=?
2026-03-06T13:13:57.806+07:00 DEBUG 29556 --- [auth-service] [nio-8083-exec-2] org.hibernate.SQL                        : 
    select
        r1_0.id,
        r1_0.description,
        r1_0.name 
    from
        roles r1_0 
    where
        r1_0.id=?
Hibernate: 
    select
        r1_0.id,
        r1_0.description,
        r1_0.name 
    from
        roles r1_0 
    where
        r1_0.id=?
SETTING AUTH FOR: apitest_story
2026-03-06T13:13:57.808+07:00 DEBUG 29556 --- [auth-service] [nio-8083-exec-2] o.s.web.servlet.DispatcherServlet        : PUT "/api/accounts/me", parameters={}
2026-03-06T13:13:57.808+07:00 DEBUG 29556 --- [auth-service] [nio-8083-exec-2] s.w.s.m.m.a.RequestMappingHandlerMapping : Mapped to com.group1.auth_service.controller.AccountController#updateAccount(Authentication, UpdateAccountRequest)
2026-03-06T13:13:57.809+07:00 DEBUG 29556 --- [auth-service] [nio-8083-exec-2] m.m.a.RequestResponseBodyMethodProcessor : Read "application/json;charset=UTF-8" to [UpdateAccountRequest(fullName=Story 9 User, phone=+84901234567, avatarUrl=abc)]
2026-03-06T13:13:57.809+07:00 DEBUG 29556 --- [auth-service] [nio-8083-exec-2] .m.m.a.ExceptionHandlerExceptionResolver : Using @ExceptionHandler com.group1.auth_service.exception.GlobalExceptionHandler#handleValidationException(MethodArgumentNotValidException)
2026-03-06T13:13:57.809+07:00 DEBUG 29556 --- [auth-service] [nio-8083-exec-2] o.s.w.s.m.m.a.HttpEntityMethodProcessor  : Using 'application/json', given [*/*] and supported [application/json, application/*+json]
2026-03-06T13:13:57.809+07:00 DEBUG 29556 --- [auth-service] [nio-8083-exec-2] o.s.w.s.m.m.a.HttpEntityMethodProcessor  : Writing [ApiResponse(success=false, message=Invalid URL format, data=null)]
2026-03-06T13:13:57.810+07:00 DEBUG 29556 --- [auth-service] [nio-8083-exec-2] .m.m.a.ExceptionHandlerExceptionResolver : Resolved [org.springframework.web.bind.MethodArgumentNotValidException: Validation failed for argument [1] in public org.springframework.http.ResponseEntity<com.group1.auth_service.dto.response.ApiResponse<com.group1.auth_service.dto.response.AccountResponse>> com.group1.auth_service.controller.AccountController.updateAccount(org.springframework.security.core.Authentication,com.group1.auth_service.dto.request.UpdateAccountRequest): [Field error in object 'updateAccountRequest' on field 'avatarUrl': rejected value [abc]; codes [URL.updateAccountRequest.avatarUrl,URL.avatarUrl,URL.java.lang.String,URL]; arguments [org.springframework.context.support.DefaultMessageSourceResolvable: codes [updateAccountRequest.avatarUrl,avatarUrl]; arguments []; default message [avatarUrl],[Ljakarta.validation.constraints.Pattern$Flag;@64d249e7,,-1,,.*]; default message [Invalid URL format]] ]
2026-03-06T13:13:57.810+07:00 DEBUG 29556 --- [auth-service] [nio-8083-exec-2] o.s.web.servlet.DispatcherServlet        : Completed 400 BAD_REQUEST
2026-03-06T13:13:57.830+07:00 DEBUG 29556 --- [auth-service] [nio-8083-exec-3] org.hibernate.SQL                        : 
    select
        rt1_0.id 
    from
        revoked_tokens rt1_0 
    where
        rt1_0.token=? 
    limit
        ?
Hibernate: 
    select
        rt1_0.id 
    from
        revoked_tokens rt1_0 
    where
        rt1_0.token=? 
    limit
        ?
2026-03-06T13:13:57.832+07:00 DEBUG 29556 --- [auth-service] [nio-8083-exec-3] org.hibernate.SQL                        : 
    select
        u1_0.id,
        u1_0.avatar_url,
        u1_0.created_at,
        u1_0.email,
        u1_0.full_name,
        u1_0.last_login_at,
        u1_0.password,
        u1_0.password_changed_at,
        u1_0.phone,
        u1_0.role_id,
        u1_0.status,
        u1_0.updated_at,
        u1_0.username 
    from
        users u1_0 
    where
        u1_0.username=?
Hibernate: 
    select
        u1_0.id,
        u1_0.avatar_url,
        u1_0.created_at,
        u1_0.email,
        u1_0.full_name,
        u1_0.last_login_at,
        u1_0.password,
        u1_0.password_changed_at,
        u1_0.phone,
        u1_0.role_id,
        u1_0.status,
        u1_0.updated_at,
        u1_0.username 
    from
        users u1_0 
    where
        u1_0.username=?
2026-03-06T13:13:57.834+07:00 DEBUG 29556 --- [auth-service] [nio-8083-exec-3] org.hibernate.SQL                        : 
    select
        r1_0.id,
        r1_0.description,
        r1_0.name 
    from
        roles r1_0 
    where
        r1_0.id=?
Hibernate: 
    select
        r1_0.id,
        r1_0.description,
        r1_0.name 
    from
        roles r1_0 
    where
        r1_0.id=?
2026-03-06T13:13:57.837+07:00 DEBUG 29556 --- [auth-service] [nio-8083-exec-3] org.hibernate.SQL                        : 
    select
        u1_0.id,
        u1_0.avatar_url,
        u1_0.created_at,
        u1_0.email,
        u1_0.full_name,
        u1_0.last_login_at,
        u1_0.password,
        u1_0.password_changed_at,
        u1_0.phone,
        u1_0.role_id,
        u1_0.status,
        u1_0.updated_at,
        u1_0.username 
    from
        users u1_0 
    where
        u1_0.username=?
Hibernate: 
    select
        u1_0.id,
        u1_0.avatar_url,
        u1_0.created_at,
        u1_0.email,
        u1_0.full_name,
        u1_0.last_login_at,
        u1_0.password,
        u1_0.password_changed_at,
        u1_0.phone,
        u1_0.role_id,
        u1_0.status,
        u1_0.updated_at,
        u1_0.username 
    from
        users u1_0 
    where
        u1_0.username=?
2026-03-06T13:13:57.838+07:00 DEBUG 29556 --- [auth-service] [nio-8083-exec-3] org.hibernate.SQL                        : 
    select
        r1_0.id,
        r1_0.description,
        r1_0.name 
    from
        roles r1_0 
    where
        r1_0.id=?
Hibernate: 
    select
        r1_0.id,
        r1_0.description,
        r1_0.name 
    from
        roles r1_0 
    where
        r1_0.id=?
SETTING AUTH FOR: apitest_story
2026-03-06T13:13:57.840+07:00 DEBUG 29556 --- [auth-service] [nio-8083-exec-3] o.s.web.servlet.DispatcherServlet        : PUT "/api/accounts/me", parameters={}
2026-03-06T13:13:57.842+07:00 DEBUG 29556 --- [auth-service] [nio-8083-exec-3] s.w.s.m.m.a.RequestMappingHandlerMapping : Mapped to com.group1.auth_service.controller.AccountController#updateAccount(Authentication, UpdateAccountRequest)
2026-03-06T13:13:57.843+07:00 DEBUG 29556 --- [auth-service] [nio-8083-exec-3] m.m.a.RequestResponseBodyMethodProcessor : Read "application/json;charset=UTF-8" to [UpdateAccountRequest(fullName=null, phone=+84901234567, avatarUrl=https://example.com/a.jpg)]
2026-03-06T13:13:57.850+07:00 DEBUG 29556 --- [auth-service] [nio-8083-exec-3] .m.m.a.ExceptionHandlerExceptionResolver : Using @ExceptionHandler com.group1.auth_service.exception.GlobalExceptionHandler#handleValidationException(MethodArgumentNotValidException)
2026-03-06T13:13:57.851+07:00 DEBUG 29556 --- [auth-service] [nio-8083-exec-3] o.s.w.s.m.m.a.HttpEntityMethodProcessor  : Using 'application/json', given [*/*] and supported [application/json, application/*+json]
2026-03-06T13:13:57.852+07:00 DEBUG 29556 --- [auth-service] [nio-8083-exec-3] o.s.w.s.m.m.a.HttpEntityMethodProcessor  : Writing [ApiResponse(success=false, message=Full name is required, data=null)]
2026-03-06T13:13:57.852+07:00 DEBUG 29556 --- [auth-service] [nio-8083-exec-3] .m.m.a.ExceptionHandlerExceptionResolver : Resolved [org.springframework.web.bind.MethodArgumentNotValidException: Validation failed for argument [1] in public org.springframework.http.ResponseEntity<com.group1.auth_service.dto.response.ApiResponse<com.group1.auth_service.dto.response.AccountResponse>> com.group1.auth_service.controller.AccountController.updateAccount(org.springframework.security.core.Authentication,com.group1.auth_service.dto.request.UpdateAccountRequest): [Field error in object 'updateAccountRequest' on field 'fullName': rejected value [null]; codes [NotBlank.updateAccountRequest.fullName,NotBlank.fullName,NotBlank.java.lang.String,NotBlank]; arguments [org.springframework.context.support.DefaultMessageSourceResolvable: codes [updateAccountRequest.fullName,fullName]; arguments []; default message [fullName]]; default message [Full name is required]] ]
2026-03-06T13:13:57.853+07:00 DEBUG 29556 --- [auth-service] [nio-8083-exec-3] o.s.web.servlet.DispatcherServlet        : Completed 400 BAD_REQUEST
2026-03-06T13:13:57.882+07:00 DEBUG 29556 --- [auth-service] [nio-8083-exec-4] org.hibernate.SQL                        : 
    select
        rt1_0.id 
    from
        revoked_tokens rt1_0 
    where
        rt1_0.token=? 
    limit
        ?
Hibernate: 
    select
        rt1_0.id 
    from
        revoked_tokens rt1_0 
    where
        rt1_0.token=? 
    limit
        ?
2026-03-06T13:13:57.887+07:00 DEBUG 29556 --- [auth-service] [nio-8083-exec-4] org.hibernate.SQL                        : 
    select
        u1_0.id,
        u1_0.avatar_url,
        u1_0.created_at,
        u1_0.email,
        u1_0.full_name,
        u1_0.last_login_at,
        u1_0.password,
        u1_0.password_changed_at,
        u1_0.phone,
        u1_0.role_id,
        u1_0.status,
        u1_0.updated_at,
        u1_0.username 
    from
        users u1_0 
    where
        u1_0.username=?
Hibernate: 
    select
        u1_0.id,
        u1_0.avatar_url,
        u1_0.created_at,
        u1_0.email,
        u1_0.full_name,
        u1_0.last_login_at,
        u1_0.password,
        u1_0.password_changed_at,
        u1_0.phone,
        u1_0.role_id,
        u1_0.status,
        u1_0.updated_at,
        u1_0.username 
    from
        users u1_0 
    where
        u1_0.username=?
2026-03-06T13:13:57.890+07:00 DEBUG 29556 --- [auth-service] [nio-8083-exec-4] org.hibernate.SQL                        : 
    select
        r1_0.id,
        r1_0.description,
        r1_0.name 
    from
        roles r1_0 
    where
        r1_0.id=?
Hibernate: 
    select
        r1_0.id,
        r1_0.description,
        r1_0.name 
    from
        roles r1_0 
    where
        r1_0.id=?
2026-03-06T13:13:57.897+07:00 DEBUG 29556 --- [auth-service] [nio-8083-exec-4] org.hibernate.SQL                        : 
    select
        u1_0.id,
        u1_0.avatar_url,
        u1_0.created_at,
        u1_0.email,
        u1_0.full_name,
        u1_0.last_login_at,
        u1_0.password,
        u1_0.password_changed_at,
        u1_0.phone,
        u1_0.role_id,
        u1_0.status,
        u1_0.updated_at,
        u1_0.username 
    from
        users u1_0 
    where
        u1_0.username=?
Hibernate: 
    select
        u1_0.id,
        u1_0.avatar_url,
        u1_0.created_at,
        u1_0.email,
        u1_0.full_name,
        u1_0.last_login_at,
        u1_0.password,
        u1_0.password_changed_at,
        u1_0.phone,
        u1_0.role_id,
        u1_0.status,
        u1_0.updated_at,
        u1_0.username 
    from
        users u1_0 
    where
        u1_0.username=?
2026-03-06T13:13:57.914+07:00 DEBUG 29556 --- [auth-service] [nio-8083-exec-4] org.hibernate.SQL                        : 
    select
        r1_0.id,
        r1_0.description,
        r1_0.name 
    from
        roles r1_0 
    where
        r1_0.id=?
Hibernate: 
    select
        r1_0.id,
        r1_0.description,
        r1_0.name 
    from
        roles r1_0 
    where
        r1_0.id=?
SETTING AUTH FOR: apitest_story
2026-03-06T13:13:57.916+07:00 DEBUG 29556 --- [auth-service] [nio-8083-exec-4] o.s.web.servlet.DispatcherServlet        : PUT "/api/accounts/me", parameters={}
2026-03-06T13:13:57.916+07:00 DEBUG 29556 --- [auth-service] [nio-8083-exec-4] s.w.s.m.m.a.RequestMappingHandlerMapping : Mapped to com.group1.auth_service.controller.AccountController#updateAccount(Authentication, UpdateAccountRequest)
2026-03-06T13:13:57.917+07:00 DEBUG 29556 --- [auth-service] [nio-8083-exec-4] m.m.a.RequestResponseBodyMethodProcessor : Read "application/json;charset=UTF-8" to [UpdateAccountRequest(fullName=Story 9 User, phone=null, avatarUrl=https://example.com/a.jpg)]
2026-03-06T13:13:57.917+07:00 DEBUG 29556 --- [auth-service] [nio-8083-exec-4] .m.m.a.ExceptionHandlerExceptionResolver : Using @ExceptionHandler com.group1.auth_service.exception.GlobalExceptionHandler#handleValidationException(MethodArgumentNotValidException)
2026-03-06T13:13:57.918+07:00 DEBUG 29556 --- [auth-service] [nio-8083-exec-4] o.s.w.s.m.m.a.HttpEntityMethodProcessor  : Using 'application/json', given [*/*] and supported [application/json, application/*+json]
2026-03-06T13:13:57.918+07:00 DEBUG 29556 --- [auth-service] [nio-8083-exec-4] o.s.w.s.m.m.a.HttpEntityMethodProcessor  : Writing [ApiResponse(success=false, message=Phone is required, data=null)]
2026-03-06T13:13:57.918+07:00 DEBUG 29556 --- [auth-service] [nio-8083-exec-4] .m.m.a.ExceptionHandlerExceptionResolver : Resolved [org.springframework.web.bind.MethodArgumentNotValidException: Validation failed for argument [1] in public org.springframework.http.ResponseEntity<com.group1.auth_service.dto.response.ApiResponse<com.group1.auth_service.dto.response.AccountResponse>> com.group1.auth_service.controller.AccountController.updateAccount(org.springframework.security.core.Authentication,com.group1.auth_service.dto.request.UpdateAccountRequest): [Field error in object 'updateAccountRequest' on field 'phone': rejected value [null]; codes [NotBlank.updateAccountRequest.phone,NotBlank.phone,NotBlank.java.lang.String,NotBlank]; arguments [org.springframework.context.support.DefaultMessageSourceResolvable: codes [updateAccountRequest.phone,phone]; arguments []; default message [phone]]; default message [Phone is required]] ]
2026-03-06T13:13:57.918+07:00 DEBUG 29556 --- [auth-service] [nio-8083-exec-4] o.s.web.servlet.DispatcherServlet        : Completed 400 BAD_REQUEST
2026-03-06T13:13:57.939+07:00 DEBUG 29556 --- [auth-service] [nio-8083-exec-5] org.hibernate.SQL                        : 
    select
        rt1_0.id 
    from
        revoked_tokens rt1_0 
    where
        rt1_0.token=? 
    limit
        ?
Hibernate: 
    select
        rt1_0.id 
    from
        revoked_tokens rt1_0 
    where
        rt1_0.token=? 
    limit
        ?
2026-03-06T13:13:57.943+07:00 DEBUG 29556 --- [auth-service] [nio-8083-exec-5] org.hibernate.SQL                        : 
    select
        u1_0.id,
        u1_0.avatar_url,
        u1_0.created_at,
        u1_0.email,
        u1_0.full_name,
        u1_0.last_login_at,
        u1_0.password,
        u1_0.password_changed_at,
        u1_0.phone,
        u1_0.role_id,
        u1_0.status,
        u1_0.updated_at,
        u1_0.username 
    from
        users u1_0 
    where
        u1_0.username=?
Hibernate: 
    select
        u1_0.id,
        u1_0.avatar_url,
        u1_0.created_at,
        u1_0.email,
        u1_0.full_name,
        u1_0.last_login_at,
        u1_0.password,
        u1_0.password_changed_at,
        u1_0.phone,
        u1_0.role_id,
        u1_0.status,
        u1_0.updated_at,
        u1_0.username 
    from
        users u1_0 
    where
        u1_0.username=?
2026-03-06T13:13:57.945+07:00 DEBUG 29556 --- [auth-service] [nio-8083-exec-5] org.hibernate.SQL                        : 
    select
        r1_0.id,
        r1_0.description,
        r1_0.name 
    from
        roles r1_0 
    where
        r1_0.id=?
Hibernate: 
    select
        r1_0.id,
        r1_0.description,
        r1_0.name 
    from
        roles r1_0 
    where
        r1_0.id=?
2026-03-06T13:13:57.956+07:00 DEBUG 29556 --- [auth-service] [nio-8083-exec-5] org.hibernate.SQL                        : 
    select
        u1_0.id,
        u1_0.avatar_url,
        u1_0.created_at,
        u1_0.email,
        u1_0.full_name,
        u1_0.last_login_at,
        u1_0.password,
        u1_0.password_changed_at,
        u1_0.phone,
        u1_0.role_id,
        u1_0.status,
        u1_0.updated_at,
        u1_0.username 
    from
        users u1_0 
    where
        u1_0.username=?
Hibernate: 
    select
        u1_0.id,
        u1_0.avatar_url,
        u1_0.created_at,
        u1_0.email,
        u1_0.full_name,
        u1_0.last_login_at,
        u1_0.password,
        u1_0.password_changed_at,
        u1_0.phone,
        u1_0.role_id,
        u1_0.status,
        u1_0.updated_at,
        u1_0.username 
    from
        users u1_0 
    where
        u1_0.username=?
2026-03-06T13:13:57.960+07:00 DEBUG 29556 --- [auth-service] [nio-8083-exec-5] org.hibernate.SQL                        : 
    select
        r1_0.id,
        r1_0.description,
        r1_0.name 
    from
        roles r1_0 
    where
        r1_0.id=?
Hibernate: 
    select
        r1_0.id,
        r1_0.description,
        r1_0.name 
    from
        roles r1_0 
    where
        r1_0.id=?
SETTING AUTH FOR: apitest_story
2026-03-06T13:13:57.966+07:00 DEBUG 29556 --- [auth-service] [nio-8083-exec-5] o.s.web.servlet.DispatcherServlet        : PUT "/api/accounts/me", parameters={}
2026-03-06T13:13:57.966+07:00 DEBUG 29556 --- [auth-service] [nio-8083-exec-5] s.w.s.m.m.a.RequestMappingHandlerMapping : Mapped to com.group1.auth_service.controller.AccountController#updateAccount(Authentication, UpdateAccountRequest)
2026-03-06T13:13:57.966+07:00 DEBUG 29556 --- [auth-service] [nio-8083-exec-5] m.m.a.RequestResponseBodyMethodProcessor : Read "application/json;charset=UTF-8" to [UpdateAccountRequest(fullName=Story 9 User, phone=+84901234567, avatarUrl=null)]
2026-03-06T13:13:57.967+07:00 DEBUG 29556 --- [auth-service] [nio-8083-exec-5] .m.m.a.ExceptionHandlerExceptionResolver : Using @ExceptionHandler com.group1.auth_service.exception.GlobalExceptionHandler#handleValidationException(MethodArgumentNotValidException)
2026-03-06T13:13:57.967+07:00 DEBUG 29556 --- [auth-service] [nio-8083-exec-5] o.s.w.s.m.m.a.HttpEntityMethodProcessor  : Using 'application/json', given [*/*] and supported [application/json, application/*+json]
2026-03-06T13:13:57.967+07:00 DEBUG 29556 --- [auth-service] [nio-8083-exec-5] o.s.w.s.m.m.a.HttpEntityMethodProcessor  : Writing [ApiResponse(success=false, message=Avatar URL is required, data=null)]
2026-03-06T13:13:57.968+07:00 DEBUG 29556 --- [auth-service] [nio-8083-exec-5] .m.m.a.ExceptionHandlerExceptionResolver : Resolved [org.springframework.web.bind.MethodArgumentNotValidException: Validation failed for argument [1] in public org.springframework.http.ResponseEntity<com.group1.auth_service.dto.response.ApiResponse<com.group1.auth_service.dto.response.AccountResponse>> com.group1.auth_service.controller.AccountController.updateAccount(org.springframework.security.core.Authentication,com.group1.auth_service.dto.request.UpdateAccountRequest): [Field error in object 'updateAccountRequest' on field 'avatarUrl': rejected value [null]; codes [NotBlank.updateAccountRequest.avatarUrl,NotBlank.avatarUrl,NotBlank.java.lang.String,NotBlank]; arguments [org.springframework.context.support.DefaultMessageSourceResolvable: codes [updateAccountRequest.avatarUrl,avatarUrl]; arguments []; default message [avatarUrl]]; default message [Avatar URL is required]] ]
2026-03-06T13:13:57.968+07:00 DEBUG 29556 --- [auth-service] [nio-8083-exec-5] o.s.web.servlet.DispatcherServlet        : Completed 400 BAD_REQUEST
2026-03-06T13:13:58.001+07:00 DEBUG 29556 --- [auth-service] [nio-8083-exec-8] org.hibernate.SQL                        : 
    select
        rt1_0.id 
    from
        revoked_tokens rt1_0 
    where
        rt1_0.token=? 
    limit
        ?
Hibernate: 
    select
        rt1_0.id 
    from
        revoked_tokens rt1_0 
    where
        rt1_0.token=? 
    limit
        ?
2026-03-06T13:13:58.004+07:00 DEBUG 29556 --- [auth-service] [nio-8083-exec-8] org.hibernate.SQL                        : 
    select
        u1_0.id,
        u1_0.avatar_url,
        u1_0.created_at,
        u1_0.email,
        u1_0.full_name,
        u1_0.last_login_at,
        u1_0.password,
        u1_0.password_changed_at,
        u1_0.phone,
        u1_0.role_id,
        u1_0.status,
        u1_0.updated_at,
        u1_0.username 
    from
        users u1_0 
    where
        u1_0.username=?
Hibernate: 
    select
        u1_0.id,
        u1_0.avatar_url,
        u1_0.created_at,
        u1_0.email,
        u1_0.full_name,
        u1_0.last_login_at,
        u1_0.password,
        u1_0.password_changed_at,
        u1_0.phone,
        u1_0.role_id,
        u1_0.status,
        u1_0.updated_at,
        u1_0.username 
    from
        users u1_0 
    where
        u1_0.username=?
2026-03-06T13:13:58.005+07:00 DEBUG 29556 --- [auth-service] [nio-8083-exec-8] org.hibernate.SQL                        : 
    select
        r1_0.id,
        r1_0.description,
        r1_0.name 
    from
        roles r1_0 
    where
        r1_0.id=?
Hibernate: 
    select
        r1_0.id,
        r1_0.description,
        r1_0.name 
    from
        roles r1_0 
    where
        r1_0.id=?
2026-03-06T13:13:58.012+07:00 DEBUG 29556 --- [auth-service] [nio-8083-exec-8] org.hibernate.SQL                        : 
    select
        u1_0.id,
        u1_0.avatar_url,
        u1_0.created_at,
        u1_0.email,
        u1_0.full_name,
        u1_0.last_login_at,
        u1_0.password,
        u1_0.password_changed_at,
        u1_0.phone,
        u1_0.role_id,
        u1_0.status,
        u1_0.updated_at,
        u1_0.username 
    from
        users u1_0 
    where
        u1_0.username=?
Hibernate: 
    select
        u1_0.id,
        u1_0.avatar_url,
        u1_0.created_at,
        u1_0.email,
        u1_0.full_name,
        u1_0.last_login_at,
        u1_0.password,
        u1_0.password_changed_at,
        u1_0.phone,
        u1_0.role_id,
        u1_0.status,
        u1_0.updated_at,
        u1_0.username 
    from
        users u1_0 
    where
        u1_0.username=?
2026-03-06T13:13:58.014+07:00 DEBUG 29556 --- [auth-service] [nio-8083-exec-8] org.hibernate.SQL                        : 
    select
        r1_0.id,
        r1_0.description,
        r1_0.name 
    from
        roles r1_0 
    where
        r1_0.id=?
Hibernate: 
    select
        r1_0.id,
        r1_0.description,
        r1_0.name 
    from
        roles r1_0 
    where
        r1_0.id=?
SETTING AUTH FOR: apitest_story
2026-03-06T13:13:58.015+07:00 DEBUG 29556 --- [auth-service] [nio-8083-exec-8] o.s.web.servlet.DispatcherServlet        : PUT "/api/accounts/me", parameters={}
2026-03-06T13:13:58.015+07:00 DEBUG 29556 --- [auth-service] [nio-8083-exec-8] s.w.s.m.m.a.RequestMappingHandlerMapping : Mapped to com.group1.auth_service.controller.AccountController#updateAccount(Authentication, UpdateAccountRequest)
2026-03-06T13:13:58.016+07:00 DEBUG 29556 --- [auth-service] [nio-8083-exec-8] m.m.a.RequestResponseBodyMethodProcessor : Read "application/json;charset=UTF-8" to [UpdateAccountRequest(fullName=Story 9 User, phone=+84901234567, avatarUrl=https://example.com/a.jpg)]
2026-03-06T13:13:58.017+07:00 DEBUG 29556 --- [auth-service] [nio-8083-exec-8] org.hibernate.SQL                        : 
    select
        u1_0.id,
        u1_0.avatar_url,
        u1_0.created_at,
        u1_0.email,
        u1_0.full_name,
        u1_0.last_login_at,
        u1_0.password,
        u1_0.password_changed_at,
        u1_0.phone,
        u1_0.role_id,
        u1_0.status,
        u1_0.updated_at,
        u1_0.username 
    from
        users u1_0 
    where
        u1_0.username=?
Hibernate: 
    select
        u1_0.id,
        u1_0.avatar_url,
        u1_0.created_at,
        u1_0.email,
        u1_0.full_name,
        u1_0.last_login_at,
        u1_0.password,
        u1_0.password_changed_at,
        u1_0.phone,
        u1_0.role_id,
        u1_0.status,
        u1_0.updated_at,
        u1_0.username 
    from
        users u1_0 
    where
        u1_0.username=?
2026-03-06T13:13:58.018+07:00 DEBUG 29556 --- [auth-service] [nio-8083-exec-8] org.hibernate.SQL                        : 
    select
        r1_0.id,
        r1_0.description,
        r1_0.name 
    from
        roles r1_0 
    where
        r1_0.id=?
Hibernate: 
    select
        r1_0.id,
        r1_0.description,
        r1_0.name 
    from
        roles r1_0 
    where
        r1_0.id=?
2026-03-06T13:13:58.019+07:00 DEBUG 29556 --- [auth-service] [nio-8083-exec-8] o.s.w.s.m.m.a.HttpEntityMethodProcessor  : Using 'application/json', given [*/*] and supported [application/json, application/*+json]
2026-03-06T13:13:58.019+07:00 DEBUG 29556 --- [auth-service] [nio-8083-exec-8] o.s.w.s.m.m.a.HttpEntityMethodProcessor  : Writing [ApiResponse(success=true, message=Account updated successfully., data=AccountResponse(id=5, username (truncated)...]
2026-03-06T13:13:58.020+07:00 DEBUG 29556 --- [auth-service] [nio-8083-exec-8] o.s.web.servlet.DispatcherServlet        : Completed 200 OK
2026-03-06T13:13:58.044+07:00 DEBUG 29556 --- [auth-service] [io-8083-exec-10] o.s.web.servlet.DispatcherServlet        : POST "/api/accounts/forgot-password/request", parameters={}
2026-03-06T13:13:58.044+07:00 DEBUG 29556 --- [auth-service] [io-8083-exec-10] s.w.s.m.m.a.RequestMappingHandlerMapping : Mapped to com.group1.auth_service.controller.AccountController#requestForgotPassword(ForgotPasswordRequest)
2026-03-06T13:13:58.045+07:00 DEBUG 29556 --- [auth-service] [io-8083-exec-10] m.m.a.RequestResponseBodyMethodProcessor : Read "application/json;charset=UTF-8" to [ForgotPasswordRequest(email=apitest.story@example.com)]
2026-03-06T13:13:58.046+07:00 DEBUG 29556 --- [auth-service] [io-8083-exec-10] org.hibernate.SQL                        : 
    select
        count(prr1_0.id) 
    from
        password_reset_requests prr1_0 
    where
        prr1_0.email=? 
        and prr1_0.requested_at>?
Hibernate: 
    select
        count(prr1_0.id) 
    from
        password_reset_requests prr1_0 
    where
        prr1_0.email=? 
        and prr1_0.requested_at>?
2026-03-06T13:13:58.047+07:00 DEBUG 29556 --- [auth-service] [io-8083-exec-10] org.hibernate.SQL                        : 
    insert 
    into
        password_reset_requests
        (email, requested_at) 
    values
        (?, ?)
Hibernate: 
    insert 
    into
        password_reset_requests
        (email, requested_at) 
    values
        (?, ?)
2026-03-06T13:13:58.049+07:00 DEBUG 29556 --- [auth-service] [io-8083-exec-10] org.hibernate.SQL                        : 
    select
        u1_0.id,
        u1_0.avatar_url,
        u1_0.created_at,
        u1_0.email,
        u1_0.full_name,
        u1_0.last_login_at,
        u1_0.password,
        u1_0.password_changed_at,
        u1_0.phone,
        u1_0.role_id,
        u1_0.status,
        u1_0.updated_at,
        u1_0.username 
    from
        users u1_0 
    where
        u1_0.email=?
Hibernate: 
    select
        u1_0.id,
        u1_0.avatar_url,
        u1_0.created_at,
        u1_0.email,
        u1_0.full_name,
        u1_0.last_login_at,
        u1_0.password,
        u1_0.password_changed_at,
        u1_0.phone,
        u1_0.role_id,
        u1_0.status,
        u1_0.updated_at,
        u1_0.username 
    from
        users u1_0 
    where
        u1_0.email=?
2026-03-06T13:13:58.052+07:00 DEBUG 29556 --- [auth-service] [io-8083-exec-10] org.hibernate.SQL                        : 
    select
        r1_0.id,
        r1_0.description,
        r1_0.name 
    from
        roles r1_0 
    where
        r1_0.id=?
Hibernate: 
    select
        r1_0.id,
        r1_0.description,
        r1_0.name 
    from
        roles r1_0 
    where
        r1_0.id=?
2026-03-06T13:13:58.053+07:00 DEBUG 29556 --- [auth-service] [io-8083-exec-10] org.hibernate.SQL                        : 
    insert 
    into
        password_reset_tokens
        (created_at, expires_at, token_hash, used, used_at, user_id) 
    values
        (?, ?, ?, ?, ?, ?)
Hibernate: 
    insert 
    into
        password_reset_tokens
        (created_at, expires_at, token_hash, used, used_at, user_id) 
    values
        (?, ?, ?, ?, ?, ?)
2026-03-06T13:14:00.764+07:00  WARN 29556 --- [auth-service] [io-8083-exec-10] c.g.a.service.EmailServiceImpl           : Failed to send reset email to apitest.story@example.com. Token for testing: lpIwDTYLn-3zlF91pBSRs05G5Xjyj110dJ7Jzb2tMOE
2026-03-06T13:14:00.768+07:00 DEBUG 29556 --- [auth-service] [io-8083-exec-10] o.s.w.s.m.m.a.HttpEntityMethodProcessor  : Using 'application/json', given [*/*] and supported [application/json, application/*+json]
2026-03-06T13:14:00.768+07:00 DEBUG 29556 --- [auth-service] [io-8083-exec-10] o.s.w.s.m.m.a.HttpEntityMethodProcessor  : Writing [ApiResponse(success=true, message=Reset link sent to email, data=null)]
2026-03-06T13:14:00.770+07:00 DEBUG 29556 --- [auth-service] [io-8083-exec-10] o.s.web.servlet.DispatcherServlet        : Completed 200 OK
2026-03-06T13:14:02.346+07:00 DEBUG 29556 --- [auth-service] [nio-8083-exec-2] o.s.web.servlet.DispatcherServlet        : POST "/api/accounts/forgot-password/request", parameters={}
2026-03-06T13:14:02.346+07:00 DEBUG 29556 --- [auth-service] [nio-8083-exec-2] s.w.s.m.m.a.RequestMappingHandlerMapping : Mapped to com.group1.auth_service.controller.AccountController#requestForgotPassword(ForgotPasswordRequest)
2026-03-06T13:14:02.347+07:00 DEBUG 29556 --- [auth-service] [nio-8083-exec-2] m.m.a.RequestResponseBodyMethodProcessor : Read "application/json;charset=UTF-8" to [ForgotPasswordRequest(email=notfound@example.com)]
2026-03-06T13:14:02.348+07:00 DEBUG 29556 --- [auth-service] [nio-8083-exec-2] org.hibernate.SQL                        : 
    select
        count(prr1_0.id) 
    from
        password_reset_requests prr1_0 
    where
        prr1_0.email=? 
        and prr1_0.requested_at>?
Hibernate: 
    select
        count(prr1_0.id) 
    from
        password_reset_requests prr1_0 
    where
        prr1_0.email=? 
        and prr1_0.requested_at>?
2026-03-06T13:14:02.349+07:00 DEBUG 29556 --- [auth-service] [nio-8083-exec-2] org.hibernate.SQL                        : 
    insert 
    into
        password_reset_requests
        (email, requested_at) 
    values
        (?, ?)
Hibernate: 
    insert 
    into
        password_reset_requests
        (email, requested_at) 
    values
        (?, ?)
2026-03-06T13:14:02.350+07:00 DEBUG 29556 --- [auth-service] [nio-8083-exec-2] org.hibernate.SQL                        : 
    select
        u1_0.id,
        u1_0.avatar_url,
        u1_0.created_at,
        u1_0.email,
        u1_0.full_name,
        u1_0.last_login_at,
        u1_0.password,
        u1_0.password_changed_at,
        u1_0.phone,
        u1_0.role_id,
        u1_0.status,
        u1_0.updated_at,
        u1_0.username 
    from
        users u1_0 
    where
        u1_0.email=?
Hibernate: 
    select
        u1_0.id,
        u1_0.avatar_url,
        u1_0.created_at,
        u1_0.email,
        u1_0.full_name,
        u1_0.last_login_at,
        u1_0.password,
        u1_0.password_changed_at,
        u1_0.phone,
        u1_0.role_id,
        u1_0.status,
        u1_0.updated_at,
        u1_0.username 
    from
        users u1_0 
    where
        u1_0.email=?
2026-03-06T13:14:02.357+07:00 DEBUG 29556 --- [auth-service] [nio-8083-exec-2] o.s.w.s.m.m.a.HttpEntityMethodProcessor  : Using 'application/json', given [*/*] and supported [application/json, application/*+json]
2026-03-06T13:14:02.357+07:00 DEBUG 29556 --- [auth-service] [nio-8083-exec-2] o.s.w.s.m.m.a.HttpEntityMethodProcessor  : Writing [ApiResponse(success=true, message=Reset link sent to email, data=null)]
2026-03-06T13:14:02.358+07:00 DEBUG 29556 --- [auth-service] [nio-8083-exec-2] o.s.web.servlet.DispatcherServlet        : Completed 200 OK
2026-03-06T13:14:02.375+07:00 DEBUG 29556 --- [auth-service] [nio-8083-exec-4] o.s.web.servlet.DispatcherServlet        : POST "/api/accounts/forgot-password/request", parameters={}
2026-03-06T13:14:02.375+07:00 DEBUG 29556 --- [auth-service] [nio-8083-exec-4] s.w.s.m.m.a.RequestMappingHandlerMapping : Mapped to com.group1.auth_service.controller.AccountController#requestForgotPassword(ForgotPasswordRequest)
2026-03-06T13:14:02.376+07:00 DEBUG 29556 --- [auth-service] [nio-8083-exec-4] m.m.a.RequestResponseBodyMethodProcessor : Read "application/json;charset=UTF-8" to [ForgotPasswordRequest(email=abc)]
2026-03-06T13:14:02.376+07:00 DEBUG 29556 --- [auth-service] [nio-8083-exec-4] .m.m.a.ExceptionHandlerExceptionResolver : Using @ExceptionHandler com.group1.auth_service.exception.GlobalExceptionHandler#handleValidationException(MethodArgumentNotValidException)
2026-03-06T13:14:02.376+07:00 DEBUG 29556 --- [auth-service] [nio-8083-exec-4] o.s.w.s.m.m.a.HttpEntityMethodProcessor  : Using 'application/json', given [*/*] and supported [application/json, application/*+json]
2026-03-06T13:14:02.377+07:00 DEBUG 29556 --- [auth-service] [nio-8083-exec-4] o.s.w.s.m.m.a.HttpEntityMethodProcessor  : Writing [ApiResponse(success=false, message=Invalid email format, data=null)]
2026-03-06T13:14:02.377+07:00 DEBUG 29556 --- [auth-service] [nio-8083-exec-4] .m.m.a.ExceptionHandlerExceptionResolver : Resolved [org.springframework.web.bind.MethodArgumentNotValidException: Validation failed for argument [0] in public org.springframework.http.ResponseEntity<com.group1.auth_service.dto.response.ApiResponse<java.lang.Void>> com.group1.auth_service.controller.AccountController.requestForgotPassword(com.group1.auth_service.dto.request.ForgotPasswordRequest): [Field error in object 'forgotPasswordRequest' on field 'email': rejected value [abc]; codes [Email.forgotPasswordRequest.email,Email.email,Email.java.lang.String,Email]; arguments [org.springframework.context.support.DefaultMessageSourceResolvable: codes [forgotPasswordRequest.email,email]; arguments []; default message [email],[Ljakarta.validation.constraints.Pattern$Flag;@1a34ca85,.*]; default message [Invalid email format]] ]
2026-03-06T13:14:02.377+07:00 DEBUG 29556 --- [auth-service] [nio-8083-exec-4] o.s.web.servlet.DispatcherServlet        : Completed 400 BAD_REQUEST
2026-03-06T13:14:02.398+07:00 DEBUG 29556 --- [auth-service] [nio-8083-exec-5] o.s.web.servlet.DispatcherServlet        : POST "/api/accounts/forgot-password/request", parameters={}
2026-03-06T13:14:02.399+07:00 DEBUG 29556 --- [auth-service] [nio-8083-exec-5] s.w.s.m.m.a.RequestMappingHandlerMapping : Mapped to com.group1.auth_service.controller.AccountController#requestForgotPassword(ForgotPasswordRequest)
2026-03-06T13:14:02.399+07:00 DEBUG 29556 --- [auth-service] [nio-8083-exec-5] m.m.a.RequestResponseBodyMethodProcessor : Read "application/json;charset=UTF-8" to [ForgotPasswordRequest(email=)]
2026-03-06T13:14:02.400+07:00 DEBUG 29556 --- [auth-service] [nio-8083-exec-5] .m.m.a.ExceptionHandlerExceptionResolver : Using @ExceptionHandler com.group1.auth_service.exception.GlobalExceptionHandler#handleValidationException(MethodArgumentNotValidException)
2026-03-06T13:14:02.400+07:00 DEBUG 29556 --- [auth-service] [nio-8083-exec-5] o.s.w.s.m.m.a.HttpEntityMethodProcessor  : Using 'application/json', given [*/*] and supported [application/json, application/*+json]
2026-03-06T13:14:02.400+07:00 DEBUG 29556 --- [auth-service] [nio-8083-exec-5] o.s.w.s.m.m.a.HttpEntityMethodProcessor  : Writing [ApiResponse(success=false, message=Email is required, data=null)]
2026-03-06T13:14:02.400+07:00 DEBUG 29556 --- [auth-service] [nio-8083-exec-5] .m.m.a.ExceptionHandlerExceptionResolver : Resolved [org.springframework.web.bind.MethodArgumentNotValidException: Validation failed for argument [0] in public org.springframework.http.ResponseEntity<com.group1.auth_service.dto.response.ApiResponse<java.lang.Void>> com.group1.auth_service.controller.AccountController.requestForgotPassword(com.group1.auth_service.dto.request.ForgotPasswordRequest): [Field error in object 'forgotPasswordRequest' on field 'email': rejected value []; codes [NotBlank.forgotPasswordRequest.email,NotBlank.email,NotBlank.java.lang.String,NotBlank]; arguments [org.springframework.context.support.DefaultMessageSourceResolvable: codes [forgotPasswordRequest.email,email]; arguments []; default message [email]]; default message [Email is required]] ]
2026-03-06T13:14:02.400+07:00 DEBUG 29556 --- [auth-service] [nio-8083-exec-5] o.s.web.servlet.DispatcherServlet        : Completed 400 BAD_REQUEST
2026-03-06T13:14:02.454+07:00 DEBUG 29556 --- [auth-service] [nio-8083-exec-6] o.s.web.servlet.DispatcherServlet        : POST "/api/accounts/forgot-password/request", parameters={}
2026-03-06T13:14:02.455+07:00 DEBUG 29556 --- [auth-service] [nio-8083-exec-6] s.w.s.m.m.a.RequestMappingHandlerMapping : Mapped to com.group1.auth_service.controller.AccountController#requestForgotPassword(ForgotPasswordRequest)
2026-03-06T13:14:02.455+07:00 DEBUG 29556 --- [auth-service] [nio-8083-exec-6] m.m.a.RequestResponseBodyMethodProcessor : Read "application/json;charset=UTF-8" to [ForgotPasswordRequest(email=rate.limit@example.com)]
2026-03-06T13:14:02.456+07:00 DEBUG 29556 --- [auth-service] [nio-8083-exec-6] org.hibernate.SQL                        : 
    select
        count(prr1_0.id) 
    from
        password_reset_requests prr1_0 
    where
        prr1_0.email=? 
        and prr1_0.requested_at>?
Hibernate: 
    select
        count(prr1_0.id) 
    from
        password_reset_requests prr1_0 
    where
        prr1_0.email=? 
        and prr1_0.requested_at>?
2026-03-06T13:14:02.458+07:00 DEBUG 29556 --- [auth-service] [nio-8083-exec-6] org.hibernate.SQL                        : 
    insert 
    into
        password_reset_requests
        (email, requested_at) 
    values
        (?, ?)
Hibernate: 
    insert 
    into
        password_reset_requests
        (email, requested_at) 
    values
        (?, ?)
2026-03-06T13:14:02.459+07:00 DEBUG 29556 --- [auth-service] [nio-8083-exec-6] org.hibernate.SQL                        : 
    select
        u1_0.id,
        u1_0.avatar_url,
        u1_0.created_at,
        u1_0.email,
        u1_0.full_name,
        u1_0.last_login_at,
        u1_0.password,
        u1_0.password_changed_at,
        u1_0.phone,
        u1_0.role_id,
        u1_0.status,
        u1_0.updated_at,
        u1_0.username 
    from
        users u1_0 
    where
        u1_0.email=?
Hibernate: 
    select
        u1_0.id,
        u1_0.avatar_url,
        u1_0.created_at,
        u1_0.email,
        u1_0.full_name,
        u1_0.last_login_at,
        u1_0.password,
        u1_0.password_changed_at,
        u1_0.phone,
        u1_0.role_id,
        u1_0.status,
        u1_0.updated_at,
        u1_0.username 
    from
        users u1_0 
    where
        u1_0.email=?
2026-03-06T13:14:02.463+07:00 DEBUG 29556 --- [auth-service] [nio-8083-exec-6] o.s.w.s.m.m.a.HttpEntityMethodProcessor  : Using 'application/json', given [*/*] and supported [application/json, application/*+json]
2026-03-06T13:14:02.464+07:00 DEBUG 29556 --- [auth-service] [nio-8083-exec-6] o.s.w.s.m.m.a.HttpEntityMethodProcessor  : Writing [ApiResponse(success=true, message=Reset link sent to email, data=null)]
2026-03-06T13:14:02.464+07:00 DEBUG 29556 --- [auth-service] [nio-8083-exec-6] o.s.web.servlet.DispatcherServlet        : Completed 200 OK
2026-03-06T13:14:02.483+07:00 DEBUG 29556 --- [auth-service] [nio-8083-exec-8] o.s.web.servlet.DispatcherServlet        : POST "/api/accounts/forgot-password/request", parameters={}
2026-03-06T13:14:02.483+07:00 DEBUG 29556 --- [auth-service] [nio-8083-exec-8] s.w.s.m.m.a.RequestMappingHandlerMapping : Mapped to com.group1.auth_service.controller.AccountController#requestForgotPassword(ForgotPasswordRequest)
2026-03-06T13:14:02.483+07:00 DEBUG 29556 --- [auth-service] [nio-8083-exec-8] m.m.a.RequestResponseBodyMethodProcessor : Read "application/json;charset=UTF-8" to [ForgotPasswordRequest(email=rate.limit@example.com)]
2026-03-06T13:14:02.484+07:00 DEBUG 29556 --- [auth-service] [nio-8083-exec-8] org.hibernate.SQL                        : 
    select
        count(prr1_0.id) 
    from
        password_reset_requests prr1_0 
    where
        prr1_0.email=? 
        and prr1_0.requested_at>?
Hibernate: 
    select
        count(prr1_0.id) 
    from
        password_reset_requests prr1_0 
    where
        prr1_0.email=? 
        and prr1_0.requested_at>?
2026-03-06T13:14:02.485+07:00 DEBUG 29556 --- [auth-service] [nio-8083-exec-8] org.hibernate.SQL                        : 
    insert 
    into
        password_reset_requests
        (email, requested_at) 
    values
        (?, ?)
Hibernate: 
    insert 
    into
        password_reset_requests
        (email, requested_at) 
    values
        (?, ?)
2026-03-06T13:14:02.487+07:00 DEBUG 29556 --- [auth-service] [nio-8083-exec-8] org.hibernate.SQL                        : 
    select
        u1_0.id,
        u1_0.avatar_url,
        u1_0.created_at,
        u1_0.email,
        u1_0.full_name,
        u1_0.last_login_at,
        u1_0.password,
        u1_0.password_changed_at,
        u1_0.phone,
        u1_0.role_id,
        u1_0.status,
        u1_0.updated_at,
        u1_0.username 
    from
        users u1_0 
    where
        u1_0.email=?
Hibernate: 
    select
        u1_0.id,
        u1_0.avatar_url,
        u1_0.created_at,
        u1_0.email,
        u1_0.full_name,
        u1_0.last_login_at,
        u1_0.password,
        u1_0.password_changed_at,
        u1_0.phone,
        u1_0.role_id,
        u1_0.status,
        u1_0.updated_at,
        u1_0.username 
    from
        users u1_0 
    where
        u1_0.email=?
2026-03-06T13:14:02.491+07:00 DEBUG 29556 --- [auth-service] [nio-8083-exec-8] o.s.w.s.m.m.a.HttpEntityMethodProcessor  : Using 'application/json', given [*/*] and supported [application/json, application/*+json]
2026-03-06T13:14:02.491+07:00 DEBUG 29556 --- [auth-service] [nio-8083-exec-8] o.s.w.s.m.m.a.HttpEntityMethodProcessor  : Writing [ApiResponse(success=true, message=Reset link sent to email, data=null)]
2026-03-06T13:14:02.492+07:00 DEBUG 29556 --- [auth-service] [nio-8083-exec-8] o.s.web.servlet.DispatcherServlet        : Completed 200 OK
2026-03-06T13:14:02.510+07:00 DEBUG 29556 --- [auth-service] [io-8083-exec-10] o.s.web.servlet.DispatcherServlet        : POST "/api/accounts/forgot-password/request", parameters={}
2026-03-06T13:14:02.510+07:00 DEBUG 29556 --- [auth-service] [io-8083-exec-10] s.w.s.m.m.a.RequestMappingHandlerMapping : Mapped to com.group1.auth_service.controller.AccountController#requestForgotPassword(ForgotPasswordRequest)
2026-03-06T13:14:02.511+07:00 DEBUG 29556 --- [auth-service] [io-8083-exec-10] m.m.a.RequestResponseBodyMethodProcessor : Read "application/json;charset=UTF-8" to [ForgotPasswordRequest(email=rate.limit@example.com)]
2026-03-06T13:14:02.513+07:00 DEBUG 29556 --- [auth-service] [io-8083-exec-10] org.hibernate.SQL                        : 
    select
        count(prr1_0.id) 
    from
        password_reset_requests prr1_0 
    where
        prr1_0.email=? 
        and prr1_0.requested_at>?
Hibernate: 
    select
        count(prr1_0.id) 
    from
        password_reset_requests prr1_0 
    where
        prr1_0.email=? 
        and prr1_0.requested_at>?
2026-03-06T13:14:02.515+07:00 DEBUG 29556 --- [auth-service] [io-8083-exec-10] org.hibernate.SQL                        : 
    insert 
    into
        password_reset_requests
        (email, requested_at) 
    values
        (?, ?)
Hibernate: 
    insert 
    into
        password_reset_requests
        (email, requested_at) 
    values
        (?, ?)
2026-03-06T13:14:02.519+07:00 DEBUG 29556 --- [auth-service] [io-8083-exec-10] org.hibernate.SQL                        : 
    select
        u1_0.id,
        u1_0.avatar_url,
        u1_0.created_at,
        u1_0.email,
        u1_0.full_name,
        u1_0.last_login_at,
        u1_0.password,
        u1_0.password_changed_at,
        u1_0.phone,
        u1_0.role_id,
        u1_0.status,
        u1_0.updated_at,
        u1_0.username 
    from
        users u1_0 
    where
        u1_0.email=?
Hibernate: 
    select
        u1_0.id,
        u1_0.avatar_url,
        u1_0.created_at,
        u1_0.email,
        u1_0.full_name,
        u1_0.last_login_at,
        u1_0.password,
        u1_0.password_changed_at,
        u1_0.phone,
        u1_0.role_id,
        u1_0.status,
        u1_0.updated_at,
        u1_0.username 
    from
        users u1_0 
    where
        u1_0.email=?
2026-03-06T13:14:02.525+07:00 DEBUG 29556 --- [auth-service] [io-8083-exec-10] o.s.w.s.m.m.a.HttpEntityMethodProcessor  : Using 'application/json', given [*/*] and supported [application/json, application/*+json]
2026-03-06T13:14:02.525+07:00 DEBUG 29556 --- [auth-service] [io-8083-exec-10] o.s.w.s.m.m.a.HttpEntityMethodProcessor  : Writing [ApiResponse(success=true, message=Reset link sent to email, data=null)]
2026-03-06T13:14:02.526+07:00 DEBUG 29556 --- [auth-service] [io-8083-exec-10] o.s.web.servlet.DispatcherServlet        : Completed 200 OK
2026-03-06T13:14:02.548+07:00 DEBUG 29556 --- [auth-service] [nio-8083-exec-2] o.s.web.servlet.DispatcherServlet        : POST "/api/accounts/forgot-password/request", parameters={}
2026-03-06T13:14:02.548+07:00 DEBUG 29556 --- [auth-service] [nio-8083-exec-2] s.w.s.m.m.a.RequestMappingHandlerMapping : Mapped to com.group1.auth_service.controller.AccountController#requestForgotPassword(ForgotPasswordRequest)
2026-03-06T13:14:02.548+07:00 DEBUG 29556 --- [auth-service] [nio-8083-exec-2] m.m.a.RequestResponseBodyMethodProcessor : Read "application/json;charset=UTF-8" to [ForgotPasswordRequest(email=rate.limit@example.com)]
2026-03-06T13:14:02.550+07:00 DEBUG 29556 --- [auth-service] [nio-8083-exec-2] org.hibernate.SQL                        : 
    select
        count(prr1_0.id) 
    from
        password_reset_requests prr1_0 
    where
        prr1_0.email=? 
        and prr1_0.requested_at>?
Hibernate: 
    select
        count(prr1_0.id) 
    from
        password_reset_requests prr1_0 
    where
        prr1_0.email=? 
        and prr1_0.requested_at>?
2026-03-06T13:14:02.552+07:00 DEBUG 29556 --- [auth-service] [nio-8083-exec-2] .m.m.a.ExceptionHandlerExceptionResolver : Using @ExceptionHandler com.group1.auth_service.exception.GlobalExceptionHandler#handleStatusException(ResponseStatusException)
2026-03-06T13:14:02.553+07:00 DEBUG 29556 --- [auth-service] [nio-8083-exec-2] o.s.w.s.m.m.a.HttpEntityMethodProcessor  : Using 'application/json', given [*/*] and supported [application/json, application/*+json]
2026-03-06T13:14:02.553+07:00 DEBUG 29556 --- [auth-service] [nio-8083-exec-2] o.s.w.s.m.m.a.HttpEntityMethodProcessor  : Writing [ApiResponse(success=false, message=Too many reset requests. Please try again later., data=null)]
2026-03-06T13:14:02.554+07:00 DEBUG 29556 --- [auth-service] [nio-8083-exec-2] .m.m.a.ExceptionHandlerExceptionResolver : Resolved [org.springframework.web.server.ResponseStatusException: 429 TOO_MANY_REQUESTS "Too many reset requests. Please try again later."]
2026-03-06T13:14:02.554+07:00 DEBUG 29556 --- [auth-service] [nio-8083-exec-2] o.s.web.servlet.DispatcherServlet        : Completed 429 TOO_MANY_REQUESTS
2026-03-06T13:14:02.606+07:00 DEBUG 29556 --- [auth-service] [nio-8083-exec-4] o.s.web.servlet.DispatcherServlet        : POST "/api/accounts/forgot-password/request", parameters={}
2026-03-06T13:14:02.606+07:00 DEBUG 29556 --- [auth-service] [nio-8083-exec-4] s.w.s.m.m.a.RequestMappingHandlerMapping : Mapped to com.group1.auth_service.controller.AccountController#requestForgotPassword(ForgotPasswordRequest)
2026-03-06T13:14:02.607+07:00 DEBUG 29556 --- [auth-service] [nio-8083-exec-4] m.m.a.RequestResponseBodyMethodProcessor : Read "application/json;charset=UTF-8" to [ForgotPasswordRequest(email=apitest.story@example.com)]
2026-03-06T13:14:02.610+07:00 DEBUG 29556 --- [auth-service] [nio-8083-exec-4] org.hibernate.SQL                        : 
    select
        count(prr1_0.id) 
    from
        password_reset_requests prr1_0 
    where
        prr1_0.email=? 
        and prr1_0.requested_at>?
Hibernate: 
    select
        count(prr1_0.id) 
    from
        password_reset_requests prr1_0 
    where
        prr1_0.email=? 
        and prr1_0.requested_at>?
2026-03-06T13:14:02.612+07:00 DEBUG 29556 --- [auth-service] [nio-8083-exec-4] org.hibernate.SQL                        : 
    insert 
    into
        password_reset_requests
        (email, requested_at) 
    values
        (?, ?)
Hibernate: 
    insert 
    into
        password_reset_requests
        (email, requested_at) 
    values
        (?, ?)
2026-03-06T13:14:02.615+07:00 DEBUG 29556 --- [auth-service] [nio-8083-exec-4] org.hibernate.SQL                        : 
    select
        u1_0.id,
        u1_0.avatar_url,
        u1_0.created_at,
        u1_0.email,
        u1_0.full_name,
        u1_0.last_login_at,
        u1_0.password,
        u1_0.password_changed_at,
        u1_0.phone,
        u1_0.role_id,
        u1_0.status,
        u1_0.updated_at,
        u1_0.username 
    from
        users u1_0 
    where
        u1_0.email=?
Hibernate: 
    select
        u1_0.id,
        u1_0.avatar_url,
        u1_0.created_at,
        u1_0.email,
        u1_0.full_name,
        u1_0.last_login_at,
        u1_0.password,
        u1_0.password_changed_at,
        u1_0.phone,
        u1_0.role_id,
        u1_0.status,
        u1_0.updated_at,
        u1_0.username 
    from
        users u1_0 
    where
        u1_0.email=?
2026-03-06T13:14:02.620+07:00 DEBUG 29556 --- [auth-service] [nio-8083-exec-4] org.hibernate.SQL                        : 
    select
        r1_0.id,
        r1_0.description,
        r1_0.name 
    from
        roles r1_0 
    where
        r1_0.id=?
Hibernate: 
    select
        r1_0.id,
        r1_0.description,
        r1_0.name 
    from
        roles r1_0 
    where
        r1_0.id=?
2026-03-06T13:14:02.622+07:00 DEBUG 29556 --- [auth-service] [nio-8083-exec-4] org.hibernate.SQL                        : 
    insert 
    into
        password_reset_tokens
        (created_at, expires_at, token_hash, used, used_at, user_id) 
    values
        (?, ?, ?, ?, ?, ?)
Hibernate: 
    insert 
    into
        password_reset_tokens
        (created_at, expires_at, token_hash, used, used_at, user_id) 
    values
        (?, ?, ?, ?, ?, ?)
2026-03-06T13:14:02.624+07:00  WARN 29556 --- [auth-service] [nio-8083-exec-4] c.g.a.service.EmailServiceImpl           : Failed to send reset email to apitest.story@example.com. Token for testing: wl1Zj9uEvT1MrxFnZ1hcwhfb73vuQOOPu51VvjctqKI
2026-03-06T13:14:02.630+07:00 DEBUG 29556 --- [auth-service] [nio-8083-exec-4] o.s.w.s.m.m.a.HttpEntityMethodProcessor  : Using 'application/json', given [*/*] and supported [application/json, application/*+json]
2026-03-06T13:14:02.630+07:00 DEBUG 29556 --- [auth-service] [nio-8083-exec-4] o.s.w.s.m.m.a.HttpEntityMethodProcessor  : Writing [ApiResponse(success=true, message=Reset link sent to email, data=null)]
2026-03-06T13:14:02.631+07:00 DEBUG 29556 --- [auth-service] [nio-8083-exec-4] o.s.web.servlet.DispatcherServlet        : Completed 200 OK
2026-03-06T13:14:04.208+07:00 DEBUG 29556 --- [auth-service] [nio-8083-exec-6] o.s.web.servlet.DispatcherServlet        : POST "/api/accounts/forgot-password/reset", parameters={}
2026-03-06T13:14:04.208+07:00 DEBUG 29556 --- [auth-service] [nio-8083-exec-6] s.w.s.m.m.a.RequestMappingHandlerMapping : Mapped to com.group1.auth_service.controller.AccountController#resetPassword(ResetPasswordRequest)
2026-03-06T13:14:04.208+07:00 DEBUG 29556 --- [auth-service] [nio-8083-exec-6] m.m.a.RequestResponseBodyMethodProcessor : Read "application/json;charset=UTF-8" to [ResetPasswordRequest(email=apitest.story@example.com, token=wl1Zj9uEvT1MrxFnZ1hcwhfb73vuQOOPu51Vvjct (truncated)...]
2026-03-06T13:14:04.210+07:00 DEBUG 29556 --- [auth-service] [nio-8083-exec-6] org.hibernate.SQL                        : 
    select
        u1_0.id,
        u1_0.avatar_url,
        u1_0.created_at,
        u1_0.email,
        u1_0.full_name,
        u1_0.last_login_at,
        u1_0.password,
        u1_0.password_changed_at,
        u1_0.phone,
        u1_0.role_id,
        u1_0.status,
        u1_0.updated_at,
        u1_0.username 
    from
        users u1_0 
    where
        u1_0.email=?
Hibernate: 
    select
        u1_0.id,
        u1_0.avatar_url,
        u1_0.created_at,
        u1_0.email,
        u1_0.full_name,
        u1_0.last_login_at,
        u1_0.password,
        u1_0.password_changed_at,
        u1_0.phone,
        u1_0.role_id,
        u1_0.status,
        u1_0.updated_at,
        u1_0.username 
    from
        users u1_0 
    where
        u1_0.email=?
2026-03-06T13:14:04.211+07:00 DEBUG 29556 --- [auth-service] [nio-8083-exec-6] org.hibernate.SQL                        : 
    select
        r1_0.id,
        r1_0.description,
        r1_0.name 
    from
        roles r1_0 
    where
        r1_0.id=?
Hibernate: 
    select
        r1_0.id,
        r1_0.description,
        r1_0.name 
    from
        roles r1_0 
    where
        r1_0.id=?
2026-03-06T13:14:04.213+07:00 DEBUG 29556 --- [auth-service] [nio-8083-exec-6] org.hibernate.SQL                        : 
    select
        prt1_0.id,
        prt1_0.created_at,
        prt1_0.expires_at,
        prt1_0.token_hash,
        prt1_0.used,
        prt1_0.used_at,
        prt1_0.user_id 
    from
        password_reset_tokens prt1_0 
    join
        users u1_0 
            on u1_0.id=prt1_0.user_id 
    where
        prt1_0.token_hash=? 
        and u1_0.id=?
Hibernate: 
    select
        prt1_0.id,
        prt1_0.created_at,
        prt1_0.expires_at,
        prt1_0.token_hash,
        prt1_0.used,
        prt1_0.used_at,
        prt1_0.user_id 
    from
        password_reset_tokens prt1_0 
    join
        users u1_0 
            on u1_0.id=prt1_0.user_id 
    where
        prt1_0.token_hash=? 
        and u1_0.id=?
2026-03-06T13:14:04.222+07:00 DEBUG 29556 --- [auth-service] [nio-8083-exec-6] .m.m.a.ExceptionHandlerExceptionResolver : Using @ExceptionHandler com.group1.auth_service.exception.GlobalExceptionHandler#handleStatusException(ResponseStatusException)
2026-03-06T13:14:04.223+07:00 DEBUG 29556 --- [auth-service] [nio-8083-exec-6] o.s.w.s.m.m.a.HttpEntityMethodProcessor  : Using 'application/json', given [*/*] and supported [application/json, application/*+json]
2026-03-06T13:14:04.223+07:00 DEBUG 29556 --- [auth-service] [nio-8083-exec-6] o.s.w.s.m.m.a.HttpEntityMethodProcessor  : Writing [ApiResponse(success=false, message=Reset link expired, data=null)]
2026-03-06T13:14:04.223+07:00 DEBUG 29556 --- [auth-service] [nio-8083-exec-6] .m.m.a.ExceptionHandlerExceptionResolver : Resolved [org.springframework.web.server.ResponseStatusException: 400 BAD_REQUEST "Reset link expired"]
2026-03-06T13:14:04.224+07:00 DEBUG 29556 --- [auth-service] [nio-8083-exec-6] o.s.web.servlet.DispatcherServlet        : Completed 400 BAD_REQUEST
2026-03-06T13:14:04.274+07:00 DEBUG 29556 --- [auth-service] [nio-8083-exec-7] o.s.web.servlet.DispatcherServlet        : POST "/api/accounts/forgot-password/request", parameters={}
2026-03-06T13:14:04.275+07:00 DEBUG 29556 --- [auth-service] [nio-8083-exec-7] s.w.s.m.m.a.RequestMappingHandlerMapping : Mapped to com.group1.auth_service.controller.AccountController#requestForgotPassword(ForgotPasswordRequest)
2026-03-06T13:14:04.276+07:00 DEBUG 29556 --- [auth-service] [nio-8083-exec-7] m.m.a.RequestResponseBodyMethodProcessor : Read "application/json;charset=UTF-8" to [ForgotPasswordRequest(email=apitest.story@example.com)]
2026-03-06T13:14:04.278+07:00 DEBUG 29556 --- [auth-service] [nio-8083-exec-7] org.hibernate.SQL                        : 
    select
        count(prr1_0.id) 
    from
        password_reset_requests prr1_0 
    where
        prr1_0.email=? 
        and prr1_0.requested_at>?
Hibernate: 
    select
        count(prr1_0.id) 
    from
        password_reset_requests prr1_0 
    where
        prr1_0.email=? 
        and prr1_0.requested_at>?
2026-03-06T13:14:04.280+07:00 DEBUG 29556 --- [auth-service] [nio-8083-exec-7] org.hibernate.SQL                        : 
    insert 
    into
        password_reset_requests
        (email, requested_at) 
    values
        (?, ?)
Hibernate: 
    insert 
    into
        password_reset_requests
        (email, requested_at) 
    values
        (?, ?)
2026-03-06T13:14:04.282+07:00 DEBUG 29556 --- [auth-service] [nio-8083-exec-7] org.hibernate.SQL                        : 
    select
        u1_0.id,
        u1_0.avatar_url,
        u1_0.created_at,
        u1_0.email,
        u1_0.full_name,
        u1_0.last_login_at,
        u1_0.password,
        u1_0.password_changed_at,
        u1_0.phone,
        u1_0.role_id,
        u1_0.status,
        u1_0.updated_at,
        u1_0.username 
    from
        users u1_0 
    where
        u1_0.email=?
Hibernate: 
    select
        u1_0.id,
        u1_0.avatar_url,
        u1_0.created_at,
        u1_0.email,
        u1_0.full_name,
        u1_0.last_login_at,
        u1_0.password,
        u1_0.password_changed_at,
        u1_0.phone,
        u1_0.role_id,
        u1_0.status,
        u1_0.updated_at,
        u1_0.username 
    from
        users u1_0 
    where
        u1_0.email=?
2026-03-06T13:14:04.282+07:00 DEBUG 29556 --- [auth-service] [nio-8083-exec-7] org.hibernate.SQL                        : 
    select
        r1_0.id,
        r1_0.description,
        r1_0.name 
    from
        roles r1_0 
    where
        r1_0.id=?
Hibernate: 
    select
        r1_0.id,
        r1_0.description,
        r1_0.name 
    from
        roles r1_0 
    where
        r1_0.id=?
2026-03-06T13:14:04.283+07:00 DEBUG 29556 --- [auth-service] [nio-8083-exec-7] org.hibernate.SQL                        : 
    insert 
    into
        password_reset_tokens
        (created_at, expires_at, token_hash, used, used_at, user_id) 
    values
        (?, ?, ?, ?, ?, ?)
Hibernate: 
    insert 
    into
        password_reset_tokens
        (created_at, expires_at, token_hash, used, used_at, user_id) 
    values
        (?, ?, ?, ?, ?, ?)
2026-03-06T13:14:04.286+07:00  WARN 29556 --- [auth-service] [nio-8083-exec-7] c.g.a.service.EmailServiceImpl           : Failed to send reset email to apitest.story@example.com. Token for testing: _iq3Qirj0gh2lWF6LUtY2W5bj5f79BYpI85j1Luwx-I
2026-03-06T13:14:04.289+07:00 DEBUG 29556 --- [auth-service] [nio-8083-exec-7] o.s.w.s.m.m.a.HttpEntityMethodProcessor  : Using 'application/json', given [*/*] and supported [application/json, application/*+json]
2026-03-06T13:14:04.291+07:00 DEBUG 29556 --- [auth-service] [nio-8083-exec-7] o.s.w.s.m.m.a.HttpEntityMethodProcessor  : Writing [ApiResponse(success=true, message=Reset link sent to email, data=null)]
2026-03-06T13:14:04.292+07:00 DEBUG 29556 --- [auth-service] [nio-8083-exec-7] o.s.web.servlet.DispatcherServlet        : Completed 200 OK
2026-03-06T13:14:05.849+07:00 DEBUG 29556 --- [auth-service] [nio-8083-exec-8] o.s.web.servlet.DispatcherServlet        : POST "/api/accounts/forgot-password/reset", parameters={}
2026-03-06T13:14:05.851+07:00 DEBUG 29556 --- [auth-service] [nio-8083-exec-8] s.w.s.m.m.a.RequestMappingHandlerMapping : Mapped to com.group1.auth_service.controller.AccountController#resetPassword(ResetPasswordRequest)
2026-03-06T13:14:05.851+07:00 DEBUG 29556 --- [auth-service] [nio-8083-exec-8] m.m.a.RequestResponseBodyMethodProcessor : Read "application/json;charset=UTF-8" to [ResetPasswordRequest(email=apitest.story@example.com, token=_iq3Qirj0gh2lWF6LUtY2W5bj5f79BYpI85j1Luw (truncated)...]
2026-03-06T13:14:05.853+07:00 DEBUG 29556 --- [auth-service] [nio-8083-exec-8] org.hibernate.SQL                        : 
    select
        u1_0.id,
        u1_0.avatar_url,
        u1_0.created_at,
        u1_0.email,
        u1_0.full_name,
        u1_0.last_login_at,
        u1_0.password,
        u1_0.password_changed_at,
        u1_0.phone,
        u1_0.role_id,
        u1_0.status,
        u1_0.updated_at,
        u1_0.username 
    from
        users u1_0 
    where
        u1_0.email=?
Hibernate: 
    select
        u1_0.id,
        u1_0.avatar_url,
        u1_0.created_at,
        u1_0.email,
        u1_0.full_name,
        u1_0.last_login_at,
        u1_0.password,
        u1_0.password_changed_at,
        u1_0.phone,
        u1_0.role_id,
        u1_0.status,
        u1_0.updated_at,
        u1_0.username 
    from
        users u1_0 
    where
        u1_0.email=?
2026-03-06T13:14:05.854+07:00 DEBUG 29556 --- [auth-service] [nio-8083-exec-8] org.hibernate.SQL                        : 
    select
        r1_0.id,
        r1_0.description,
        r1_0.name 
    from
        roles r1_0 
    where
        r1_0.id=?
Hibernate: 
    select
        r1_0.id,
        r1_0.description,
        r1_0.name 
    from
        roles r1_0 
    where
        r1_0.id=?
2026-03-06T13:14:05.854+07:00 DEBUG 29556 --- [auth-service] [nio-8083-exec-8] org.hibernate.SQL                        : 
    select
        prt1_0.id,
        prt1_0.created_at,
        prt1_0.expires_at,
        prt1_0.token_hash,
        prt1_0.used,
        prt1_0.used_at,
        prt1_0.user_id 
    from
        password_reset_tokens prt1_0 
    join
        users u1_0 
            on u1_0.id=prt1_0.user_id 
    where
        prt1_0.token_hash=? 
        and u1_0.id=?
Hibernate: 
    select
        prt1_0.id,
        prt1_0.created_at,
        prt1_0.expires_at,
        prt1_0.token_hash,
        prt1_0.used,
        prt1_0.used_at,
        prt1_0.user_id 
    from
        password_reset_tokens prt1_0 
    join
        users u1_0 
            on u1_0.id=prt1_0.user_id 
    where
        prt1_0.token_hash=? 
        and u1_0.id=?
2026-03-06T13:14:05.977+07:00 DEBUG 29556 --- [auth-service] [nio-8083-exec-8] org.hibernate.SQL                        : 
    update
        users 
    set
        avatar_url=?,
        email=?,
        full_name=?,
        last_login_at=?,
        password=?,
        password_changed_at=?,
        phone=?,
        role_id=?,
        status=?,
        updated_at=?,
        username=? 
    where
        id=?
Hibernate: 
    update
        users 
    set
        avatar_url=?,
        email=?,
        full_name=?,
        last_login_at=?,
        password=?,
        password_changed_at=?,
        phone=?,
        role_id=?,
        status=?,
        updated_at=?,
        username=? 
    where
        id=?
2026-03-06T13:14:05.980+07:00 DEBUG 29556 --- [auth-service] [nio-8083-exec-8] org.hibernate.SQL                        : 
    update
        password_reset_tokens 
    set
        created_at=?,
        expires_at=?,
        token_hash=?,
        used=?,
        used_at=?,
        user_id=? 
    where
        id=?
Hibernate: 
    update
        password_reset_tokens 
    set
        created_at=?,
        expires_at=?,
        token_hash=?,
        used=?,
        used_at=?,
        user_id=? 
    where
        id=?
2026-03-06T13:14:05.982+07:00 DEBUG 29556 --- [auth-service] [nio-8083-exec-8] org.hibernate.SQL                        : 
    select
        prt1_0.id,
        prt1_0.created_at,
        prt1_0.expires_at,
        prt1_0.token_hash,
        prt1_0.used,
        prt1_0.used_at,
        prt1_0.user_id 
    from
        password_reset_tokens prt1_0 
    join
        users u1_0 
            on u1_0.id=prt1_0.user_id 
    where
        u1_0.id=? 
        and not(prt1_0.used)
Hibernate: 
    select
        prt1_0.id,
        prt1_0.created_at,
        prt1_0.expires_at,
        prt1_0.token_hash,
        prt1_0.used,
        prt1_0.used_at,
        prt1_0.user_id 
    from
        password_reset_tokens prt1_0 
    join
        users u1_0 
            on u1_0.id=prt1_0.user_id 
    where
        u1_0.id=? 
        and not(prt1_0.used)
2026-03-06T13:14:05.987+07:00 DEBUG 29556 --- [auth-service] [nio-8083-exec-8] o.s.w.s.m.m.a.HttpEntityMethodProcessor  : Using 'application/json', given [*/*] and supported [application/json, application/*+json]
2026-03-06T13:14:05.988+07:00 DEBUG 29556 --- [auth-service] [nio-8083-exec-8] o.s.w.s.m.m.a.HttpEntityMethodProcessor  : Writing [ApiResponse(success=true, message=Password reset successfully, data=null)]
2026-03-06T13:14:05.988+07:00 DEBUG 29556 --- [auth-service] [nio-8083-exec-8] o.s.web.servlet.DispatcherServlet        : Completed 200 OK
2026-03-06T13:14:06.008+07:00 DEBUG 29556 --- [auth-service] [io-8083-exec-10] o.s.web.servlet.DispatcherServlet        : POST "/api/accounts/forgot-password/reset", parameters={}
2026-03-06T13:14:06.008+07:00 DEBUG 29556 --- [auth-service] [io-8083-exec-10] s.w.s.m.m.a.RequestMappingHandlerMapping : Mapped to com.group1.auth_service.controller.AccountController#resetPassword(ResetPasswordRequest)
2026-03-06T13:14:06.009+07:00 DEBUG 29556 --- [auth-service] [io-8083-exec-10] m.m.a.RequestResponseBodyMethodProcessor : Read "application/json;charset=UTF-8" to [ResetPasswordRequest(email=apitest.story@example.com, token=_iq3Qirj0gh2lWF6LUtY2W5bj5f79BYpI85j1Luw (truncated)...]
2026-03-06T13:14:06.010+07:00 DEBUG 29556 --- [auth-service] [io-8083-exec-10] org.hibernate.SQL                        : 
    select
        u1_0.id,
        u1_0.avatar_url,
        u1_0.created_at,
        u1_0.email,
        u1_0.full_name,
        u1_0.last_login_at,
        u1_0.password,
        u1_0.password_changed_at,
        u1_0.phone,
        u1_0.role_id,
        u1_0.status,
        u1_0.updated_at,
        u1_0.username 
    from
        users u1_0 
    where
        u1_0.email=?
Hibernate: 
    select
        u1_0.id,
        u1_0.avatar_url,
        u1_0.created_at,
        u1_0.email,
        u1_0.full_name,
        u1_0.last_login_at,
        u1_0.password,
        u1_0.password_changed_at,
        u1_0.phone,
        u1_0.role_id,
        u1_0.status,
        u1_0.updated_at,
        u1_0.username 
    from
        users u1_0 
    where
        u1_0.email=?
2026-03-06T13:14:06.011+07:00 DEBUG 29556 --- [auth-service] [io-8083-exec-10] org.hibernate.SQL                        : 
    select
        r1_0.id,
        r1_0.description,
        r1_0.name 
    from
        roles r1_0 
    where
        r1_0.id=?
Hibernate: 
    select
        r1_0.id,
        r1_0.description,
        r1_0.name 
    from
        roles r1_0 
    where
        r1_0.id=?
2026-03-06T13:14:06.013+07:00 DEBUG 29556 --- [auth-service] [io-8083-exec-10] org.hibernate.SQL                        : 
    select
        prt1_0.id,
        prt1_0.created_at,
        prt1_0.expires_at,
        prt1_0.token_hash,
        prt1_0.used,
        prt1_0.used_at,
        prt1_0.user_id 
    from
        password_reset_tokens prt1_0 
    join
        users u1_0 
            on u1_0.id=prt1_0.user_id 
    where
        prt1_0.token_hash=? 
        and u1_0.id=?
Hibernate: 
    select
        prt1_0.id,
        prt1_0.created_at,
        prt1_0.expires_at,
        prt1_0.token_hash,
        prt1_0.used,
        prt1_0.used_at,
        prt1_0.user_id 
    from
        password_reset_tokens prt1_0 
    join
        users u1_0 
            on u1_0.id=prt1_0.user_id 
    where
        prt1_0.token_hash=? 
        and u1_0.id=?
2026-03-06T13:14:06.014+07:00 DEBUG 29556 --- [auth-service] [io-8083-exec-10] .m.m.a.ExceptionHandlerExceptionResolver : Using @ExceptionHandler com.group1.auth_service.exception.GlobalExceptionHandler#handleStatusException(ResponseStatusException)
2026-03-06T13:14:06.015+07:00 DEBUG 29556 --- [auth-service] [io-8083-exec-10] o.s.w.s.m.m.a.HttpEntityMethodProcessor  : Using 'application/json', given [*/*] and supported [application/json, application/*+json]
2026-03-06T13:14:06.015+07:00 DEBUG 29556 --- [auth-service] [io-8083-exec-10] o.s.w.s.m.m.a.HttpEntityMethodProcessor  : Writing [ApiResponse(success=false, message=Reset link already used, data=null)]
2026-03-06T13:14:06.015+07:00 DEBUG 29556 --- [auth-service] [io-8083-exec-10] .m.m.a.ExceptionHandlerExceptionResolver : Resolved [org.springframework.web.server.ResponseStatusException: 400 BAD_REQUEST "Reset link already used"]
2026-03-06T13:14:06.015+07:00 DEBUG 29556 --- [auth-service] [io-8083-exec-10] o.s.web.servlet.DispatcherServlet        : Completed 400 BAD_REQUEST
2026-03-06T13:14:06.034+07:00 DEBUG 29556 --- [auth-service] [nio-8083-exec-1] o.s.web.servlet.DispatcherServlet        : POST "/api/auth/login", parameters={}
2026-03-06T13:14:06.034+07:00 DEBUG 29556 --- [auth-service] [nio-8083-exec-1] s.w.s.m.m.a.RequestMappingHandlerMapping : Mapped to com.group1.auth_service.controller.AuthController#login(LoginRequest)
2026-03-06T13:14:06.035+07:00 DEBUG 29556 --- [auth-service] [nio-8083-exec-1] m.m.a.RequestResponseBodyMethodProcessor : Read "application/json;charset=UTF-8" to [LoginRequest(username=apitest_story, password=123456)]
2026-03-06T13:14:06.036+07:00 DEBUG 29556 --- [auth-service] [nio-8083-exec-1] org.hibernate.SQL                        : 
    select
        u1_0.id,
        u1_0.avatar_url,
        u1_0.created_at,
        u1_0.email,
        u1_0.full_name,
        u1_0.last_login_at,
        u1_0.password,
        u1_0.password_changed_at,
        u1_0.phone,
        u1_0.role_id,
        u1_0.status,
        u1_0.updated_at,
        u1_0.username 
    from
        users u1_0 
    where
        u1_0.username=?
Hibernate: 
    select
        u1_0.id,
        u1_0.avatar_url,
        u1_0.created_at,
        u1_0.email,
        u1_0.full_name,
        u1_0.last_login_at,
        u1_0.password,
        u1_0.password_changed_at,
        u1_0.phone,
        u1_0.role_id,
        u1_0.status,
        u1_0.updated_at,
        u1_0.username 
    from
        users u1_0 
    where
        u1_0.username=?
2026-03-06T13:14:06.037+07:00 DEBUG 29556 --- [auth-service] [nio-8083-exec-1] org.hibernate.SQL                        : 
    select
        r1_0.id,
        r1_0.description,
        r1_0.name 
    from
        roles r1_0 
    where
        r1_0.id=?
Hibernate: 
    select
        r1_0.id,
        r1_0.description,
        r1_0.name 
    from
        roles r1_0 
    where
        r1_0.id=?
2026-03-06T13:14:06.084+07:00 DEBUG 29556 --- [auth-service] [nio-8083-exec-1] o.s.w.s.m.m.a.HttpEntityMethodProcessor  : Using 'application/json', given [*/*] and supported [application/json, application/*+json]
2026-03-06T13:14:06.084+07:00 DEBUG 29556 --- [auth-service] [nio-8083-exec-1] o.s.w.s.m.m.a.HttpEntityMethodProcessor  : Writing [{error=Invalid username or passwordnull}]
2026-03-06T13:14:06.085+07:00 DEBUG 29556 --- [auth-service] [nio-8083-exec-1] o.s.web.servlet.DispatcherServlet        : Completed 401 UNAUTHORIZED
2026-03-06T13:14:06.107+07:00 DEBUG 29556 --- [auth-service] [nio-8083-exec-3] o.s.web.servlet.DispatcherServlet        : POST "/api/auth/login", parameters={}
2026-03-06T13:14:06.107+07:00 DEBUG 29556 --- [auth-service] [nio-8083-exec-3] s.w.s.m.m.a.RequestMappingHandlerMapping : Mapped to com.group1.auth_service.controller.AuthController#login(LoginRequest)
2026-03-06T13:14:06.107+07:00 DEBUG 29556 --- [auth-service] [nio-8083-exec-3] m.m.a.RequestResponseBodyMethodProcessor : Read "application/json;charset=UTF-8" to [LoginRequest(username=apitest_story, password=Abc@1234)]
2026-03-06T13:14:06.108+07:00 DEBUG 29556 --- [auth-service] [nio-8083-exec-3] org.hibernate.SQL                        : 
    select
        u1_0.id,
        u1_0.avatar_url,
        u1_0.created_at,
        u1_0.email,
        u1_0.full_name,
        u1_0.last_login_at,
        u1_0.password,
        u1_0.password_changed_at,
        u1_0.phone,
        u1_0.role_id,
        u1_0.status,
        u1_0.updated_at,
        u1_0.username 
    from
        users u1_0 
    where
        u1_0.username=?
Hibernate: 
    select
        u1_0.id,
        u1_0.avatar_url,
        u1_0.created_at,
        u1_0.email,
        u1_0.full_name,
        u1_0.last_login_at,
        u1_0.password,
        u1_0.password_changed_at,
        u1_0.phone,
        u1_0.role_id,
        u1_0.status,
        u1_0.updated_at,
        u1_0.username 
    from
        users u1_0 
    where
        u1_0.username=?
2026-03-06T13:14:06.108+07:00 DEBUG 29556 --- [auth-service] [nio-8083-exec-3] org.hibernate.SQL                        : 
    select
        r1_0.id,
        r1_0.description,
        r1_0.name 
    from
        roles r1_0 
    where
        r1_0.id=?
Hibernate: 
    select
        r1_0.id,
        r1_0.description,
        r1_0.name 
    from
        roles r1_0 
    where
        r1_0.id=?
2026-03-06T13:14:06.157+07:00 DEBUG 29556 --- [auth-service] [nio-8083-exec-3] o.s.w.s.m.m.a.HttpEntityMethodProcessor  : Using 'application/json', given [*/*] and supported [application/json, application/*+json]
2026-03-06T13:14:06.157+07:00 DEBUG 29556 --- [auth-service] [nio-8083-exec-3] o.s.w.s.m.m.a.HttpEntityMethodProcessor  : Writing [{token=eyJhbGciOiJIUzI1NiJ9.eyJzdWIiOiJhcGl0ZXN0X3N0b3J5Iiwicm9sZSI6IlJPTEVfVVNFUiIsImlhdCI6MTc3Mjc3 (truncated)...]
2026-03-06T13:14:06.157+07:00 DEBUG 29556 --- [auth-service] [nio-8083-exec-3] o.s.web.servlet.DispatcherServlet        : Completed 200 OK
2026-03-06T13:14:06.179+07:00 DEBUG 29556 --- [auth-service] [nio-8083-exec-5] org.hibernate.SQL                        : 
    select
        rt1_0.id 
    from
        revoked_tokens rt1_0 
    where
        rt1_0.token=? 
    limit
        ?
Hibernate: 
    select
        rt1_0.id 
    from
        revoked_tokens rt1_0 
    where
        rt1_0.token=? 
    limit
        ?
2026-03-06T13:14:06.182+07:00 DEBUG 29556 --- [auth-service] [nio-8083-exec-5] org.hibernate.SQL                        : 
    select
        u1_0.id,
        u1_0.avatar_url,
        u1_0.created_at,
        u1_0.email,
        u1_0.full_name,
        u1_0.last_login_at,
        u1_0.password,
        u1_0.password_changed_at,
        u1_0.phone,
        u1_0.role_id,
        u1_0.status,
        u1_0.updated_at,
        u1_0.username 
    from
        users u1_0 
    where
        u1_0.username=?
Hibernate: 
    select
        u1_0.id,
        u1_0.avatar_url,
        u1_0.created_at,
        u1_0.email,
        u1_0.full_name,
        u1_0.last_login_at,
        u1_0.password,
        u1_0.password_changed_at,
        u1_0.phone,
        u1_0.role_id,
        u1_0.status,
        u1_0.updated_at,
        u1_0.username 
    from
        users u1_0 
    where
        u1_0.username=?
2026-03-06T13:14:06.182+07:00 DEBUG 29556 --- [auth-service] [nio-8083-exec-5] org.hibernate.SQL                        : 
    select
        r1_0.id,
        r1_0.description,
        r1_0.name 
    from
        roles r1_0 
    where
        r1_0.id=?
Hibernate: 
    select
        r1_0.id,
        r1_0.description,
        r1_0.name 
    from
        roles r1_0 
    where
        r1_0.id=?
2026-03-06T13:14:06.185+07:00 DEBUG 29556 --- [auth-service] [nio-8083-exec-5] org.hibernate.SQL                        : 
    select
        u1_0.id,
        u1_0.avatar_url,
        u1_0.created_at,
        u1_0.email,
        u1_0.full_name,
        u1_0.last_login_at,
        u1_0.password,
        u1_0.password_changed_at,
        u1_0.phone,
        u1_0.role_id,
        u1_0.status,
        u1_0.updated_at,
        u1_0.username 
    from
        users u1_0 
    where
        u1_0.username=?
Hibernate: 
    select
        u1_0.id,
        u1_0.avatar_url,
        u1_0.created_at,
        u1_0.email,
        u1_0.full_name,
        u1_0.last_login_at,
        u1_0.password,
        u1_0.password_changed_at,
        u1_0.phone,
        u1_0.role_id,
        u1_0.status,
        u1_0.updated_at,
        u1_0.username 
    from
        users u1_0 
    where
        u1_0.username=?
2026-03-06T13:14:06.186+07:00 DEBUG 29556 --- [auth-service] [nio-8083-exec-5] org.hibernate.SQL                        : 
    select
        r1_0.id,
        r1_0.description,
        r1_0.name 
    from
        roles r1_0 
    where
        r1_0.id=?
Hibernate: 
    select
        r1_0.id,
        r1_0.description,
        r1_0.name 
    from
        roles r1_0 
    where
        r1_0.id=?
2026-03-06T13:14:06.229+07:00 DEBUG 29556 --- [auth-service] [nio-8083-exec-7] o.s.web.servlet.DispatcherServlet        : POST "/api/accounts/forgot-password/request", parameters={}
2026-03-06T13:14:06.229+07:00 DEBUG 29556 --- [auth-service] [nio-8083-exec-7] s.w.s.m.m.a.RequestMappingHandlerMapping : Mapped to com.group1.auth_service.controller.AccountController#requestForgotPassword(ForgotPasswordRequest)
2026-03-06T13:14:06.229+07:00 DEBUG 29556 --- [auth-service] [nio-8083-exec-7] m.m.a.RequestResponseBodyMethodProcessor : Read "application/json;charset=UTF-8" to [ForgotPasswordRequest(email=apitest.story@example.com)]
2026-03-06T13:14:06.231+07:00 DEBUG 29556 --- [auth-service] [nio-8083-exec-7] org.hibernate.SQL                        : 
    select
        count(prr1_0.id) 
    from
        password_reset_requests prr1_0 
    where
        prr1_0.email=? 
        and prr1_0.requested_at>?
Hibernate: 
    select
        count(prr1_0.id) 
    from
        password_reset_requests prr1_0 
    where
        prr1_0.email=? 
        and prr1_0.requested_at>?
2026-03-06T13:14:06.232+07:00 DEBUG 29556 --- [auth-service] [nio-8083-exec-7] org.hibernate.SQL                        : 
    insert 
    into
        password_reset_requests
        (email, requested_at) 
    values
        (?, ?)
Hibernate: 
    insert 
    into
        password_reset_requests
        (email, requested_at) 
    values
        (?, ?)
2026-03-06T13:14:06.233+07:00 DEBUG 29556 --- [auth-service] [nio-8083-exec-7] org.hibernate.SQL                        : 
    select
        u1_0.id,
        u1_0.avatar_url,
        u1_0.created_at,
        u1_0.email,
        u1_0.full_name,
        u1_0.last_login_at,
        u1_0.password,
        u1_0.password_changed_at,
        u1_0.phone,
        u1_0.role_id,
        u1_0.status,
        u1_0.updated_at,
        u1_0.username 
    from
        users u1_0 
    where
        u1_0.email=?
Hibernate: 
    select
        u1_0.id,
        u1_0.avatar_url,
        u1_0.created_at,
        u1_0.email,
        u1_0.full_name,
        u1_0.last_login_at,
        u1_0.password,
        u1_0.password_changed_at,
        u1_0.phone,
        u1_0.role_id,
        u1_0.status,
        u1_0.updated_at,
        u1_0.username 
    from
        users u1_0 
    where
        u1_0.email=?
2026-03-06T13:14:06.234+07:00 DEBUG 29556 --- [auth-service] [nio-8083-exec-7] org.hibernate.SQL                        : 
    select
        r1_0.id,
        r1_0.description,
        r1_0.name 
    from
        roles r1_0 
    where
        r1_0.id=?
Hibernate: 
    select
        r1_0.id,
        r1_0.description,
        r1_0.name 
    from
        roles r1_0 
    where
        r1_0.id=?
2026-03-06T13:14:06.236+07:00 DEBUG 29556 --- [auth-service] [nio-8083-exec-7] org.hibernate.SQL                        : 
    insert 
    into
        password_reset_tokens
        (created_at, expires_at, token_hash, used, used_at, user_id) 
    values
        (?, ?, ?, ?, ?, ?)
Hibernate: 
    insert 
    into
        password_reset_tokens
        (created_at, expires_at, token_hash, used, used_at, user_id) 
    values
        (?, ?, ?, ?, ?, ?)
2026-03-06T13:14:06.236+07:00  WARN 29556 --- [auth-service] [nio-8083-exec-7] c.g.a.service.EmailServiceImpl           : Failed to send reset email to apitest.story@example.com. Token for testing: HhhnHLbpcdOwEZtEi-mWryYSchI0MX61eAZemSstSEc
2026-03-06T13:14:06.241+07:00 DEBUG 29556 --- [auth-service] [nio-8083-exec-7] o.s.w.s.m.m.a.HttpEntityMethodProcessor  : Using 'application/json', given [*/*] and supported [application/json, application/*+json]
2026-03-06T13:14:06.241+07:00 DEBUG 29556 --- [auth-service] [nio-8083-exec-7] o.s.w.s.m.m.a.HttpEntityMethodProcessor  : Writing [ApiResponse(success=true, message=Reset link sent to email, data=null)]
2026-03-06T13:14:06.241+07:00 DEBUG 29556 --- [auth-service] [nio-8083-exec-7] o.s.web.servlet.DispatcherServlet        : Completed 200 OK
2026-03-06T13:14:07.812+07:00 DEBUG 29556 --- [auth-service] [nio-8083-exec-9] o.s.web.servlet.DispatcherServlet        : POST "/api/accounts/forgot-password/reset", parameters={}
2026-03-06T13:14:07.812+07:00 DEBUG 29556 --- [auth-service] [nio-8083-exec-9] s.w.s.m.m.a.RequestMappingHandlerMapping : Mapped to com.group1.auth_service.controller.AccountController#resetPassword(ResetPasswordRequest)
2026-03-06T13:14:07.813+07:00 DEBUG 29556 --- [auth-service] [nio-8083-exec-9] m.m.a.RequestResponseBodyMethodProcessor : Read "application/json;charset=UTF-8" to [ResetPasswordRequest(email=apitest.story@example.com, token=badtoken, newPassword=Def@1234, confirmP (truncated)...]
2026-03-06T13:14:07.815+07:00 DEBUG 29556 --- [auth-service] [nio-8083-exec-9] org.hibernate.SQL                        : 
    select
        u1_0.id,
        u1_0.avatar_url,
        u1_0.created_at,
        u1_0.email,
        u1_0.full_name,
        u1_0.last_login_at,
        u1_0.password,
        u1_0.password_changed_at,
        u1_0.phone,
        u1_0.role_id,
        u1_0.status,
        u1_0.updated_at,
        u1_0.username 
    from
        users u1_0 
    where
        u1_0.email=?
Hibernate: 
    select
        u1_0.id,
        u1_0.avatar_url,
        u1_0.created_at,
        u1_0.email,
        u1_0.full_name,
        u1_0.last_login_at,
        u1_0.password,
        u1_0.password_changed_at,
        u1_0.phone,
        u1_0.role_id,
        u1_0.status,
        u1_0.updated_at,
        u1_0.username 
    from
        users u1_0 
    where
        u1_0.email=?
2026-03-06T13:14:07.816+07:00 DEBUG 29556 --- [auth-service] [nio-8083-exec-9] org.hibernate.SQL                        : 
    select
        r1_0.id,
        r1_0.description,
        r1_0.name 
    from
        roles r1_0 
    where
        r1_0.id=?
Hibernate: 
    select
        r1_0.id,
        r1_0.description,
        r1_0.name 
    from
        roles r1_0 
    where
        r1_0.id=?
2026-03-06T13:14:07.817+07:00 DEBUG 29556 --- [auth-service] [nio-8083-exec-9] org.hibernate.SQL                        : 
    select
        prt1_0.id,
        prt1_0.created_at,
        prt1_0.expires_at,
        prt1_0.token_hash,
        prt1_0.used,
        prt1_0.used_at,
        prt1_0.user_id 
    from
        password_reset_tokens prt1_0 
    join
        users u1_0 
            on u1_0.id=prt1_0.user_id 
    where
        prt1_0.token_hash=? 
        and u1_0.id=?
Hibernate: 
    select
        prt1_0.id,
        prt1_0.created_at,
        prt1_0.expires_at,
        prt1_0.token_hash,
        prt1_0.used,
        prt1_0.used_at,
        prt1_0.user_id 
    from
        password_reset_tokens prt1_0 
    join
        users u1_0 
            on u1_0.id=prt1_0.user_id 
    where
        prt1_0.token_hash=? 
        and u1_0.id=?
2026-03-06T13:14:07.818+07:00 DEBUG 29556 --- [auth-service] [nio-8083-exec-9] .m.m.a.ExceptionHandlerExceptionResolver : Using @ExceptionHandler com.group1.auth_service.exception.GlobalExceptionHandler#handleStatusException(ResponseStatusException)
2026-03-06T13:14:07.818+07:00 DEBUG 29556 --- [auth-service] [nio-8083-exec-9] o.s.w.s.m.m.a.HttpEntityMethodProcessor  : Using 'application/json', given [*/*] and supported [application/json, application/*+json]
2026-03-06T13:14:07.818+07:00 DEBUG 29556 --- [auth-service] [nio-8083-exec-9] o.s.w.s.m.m.a.HttpEntityMethodProcessor  : Writing [ApiResponse(success=false, message=Invalid reset link, data=null)]
2026-03-06T13:14:07.820+07:00 DEBUG 29556 --- [auth-service] [nio-8083-exec-9] .m.m.a.ExceptionHandlerExceptionResolver : Resolved [org.springframework.web.server.ResponseStatusException: 400 BAD_REQUEST "Invalid reset link"]
2026-03-06T13:14:07.820+07:00 DEBUG 29556 --- [auth-service] [nio-8083-exec-9] o.s.web.servlet.DispatcherServlet        : Completed 400 BAD_REQUEST
2026-03-06T13:14:07.842+07:00 DEBUG 29556 --- [auth-service] [io-8083-exec-10] o.s.web.servlet.DispatcherServlet        : POST "/api/accounts/forgot-password/reset", parameters={}
2026-03-06T13:14:07.843+07:00 DEBUG 29556 --- [auth-service] [io-8083-exec-10] s.w.s.m.m.a.RequestMappingHandlerMapping : Mapped to com.group1.auth_service.controller.AccountController#resetPassword(ResetPasswordRequest)
2026-03-06T13:14:07.844+07:00 DEBUG 29556 --- [auth-service] [io-8083-exec-10] m.m.a.RequestResponseBodyMethodProcessor : Read "application/json;charset=UTF-8" to [ResetPasswordRequest(email=apitest.story@example.com, token=HhhnHLbpcdOwEZtEi-mWryYSchI0MX61eAZemSst (truncated)...]
2026-03-06T13:14:07.845+07:00 DEBUG 29556 --- [auth-service] [io-8083-exec-10] .m.m.a.ExceptionHandlerExceptionResolver : Using @ExceptionHandler com.group1.auth_service.exception.GlobalExceptionHandler#handleStatusException(ResponseStatusException)
2026-03-06T13:14:07.846+07:00 DEBUG 29556 --- [auth-service] [io-8083-exec-10] o.s.w.s.m.m.a.HttpEntityMethodProcessor  : Using 'application/json', given [*/*] and supported [application/json, application/*+json]
2026-03-06T13:14:07.846+07:00 DEBUG 29556 --- [auth-service] [io-8083-exec-10] o.s.w.s.m.m.a.HttpEntityMethodProcessor  : Writing [ApiResponse(success=false, message=Passwords do not match, data=null)]
2026-03-06T13:14:07.846+07:00 DEBUG 29556 --- [auth-service] [io-8083-exec-10] .m.m.a.ExceptionHandlerExceptionResolver : Resolved [org.springframework.web.server.ResponseStatusException: 400 BAD_REQUEST "Passwords do not match"]
2026-03-06T13:14:07.846+07:00 DEBUG 29556 --- [auth-service] [io-8083-exec-10] o.s.web.servlet.DispatcherServlet        : Completed 400 BAD_REQUEST
2026-03-06T13:14:07.867+07:00 DEBUG 29556 --- [auth-service] [nio-8083-exec-2] o.s.web.servlet.DispatcherServlet        : POST "/api/accounts/forgot-password/reset", parameters={}
2026-03-06T13:14:07.867+07:00 DEBUG 29556 --- [auth-service] [nio-8083-exec-2] s.w.s.m.m.a.RequestMappingHandlerMapping : Mapped to com.group1.auth_service.controller.AccountController#resetPassword(ResetPasswordRequest)
2026-03-06T13:14:07.868+07:00 DEBUG 29556 --- [auth-service] [nio-8083-exec-2] m.m.a.RequestResponseBodyMethodProcessor : Read "application/json;charset=UTF-8" to [ResetPasswordRequest(email=apitest.story@example.com, token=HhhnHLbpcdOwEZtEi-mWryYSchI0MX61eAZemSst (truncated)...]
2026-03-06T13:14:07.869+07:00 DEBUG 29556 --- [auth-service] [nio-8083-exec-2] .m.m.a.ExceptionHandlerExceptionResolver : Using @ExceptionHandler com.group1.auth_service.exception.GlobalExceptionHandler#handleStatusException(ResponseStatusException)
2026-03-06T13:14:07.869+07:00 DEBUG 29556 --- [auth-service] [nio-8083-exec-2] o.s.w.s.m.m.a.HttpEntityMethodProcessor  : Using 'application/json', given [*/*] and supported [application/json, application/*+json]
2026-03-06T13:14:07.869+07:00 DEBUG 29556 --- [auth-service] [nio-8083-exec-2] o.s.w.s.m.m.a.HttpEntityMethodProcessor  : Writing [ApiResponse(success=false, message=Password must be at least 8 characters and include uppercase, low (truncated)...]
2026-03-06T13:14:07.869+07:00 DEBUG 29556 --- [auth-service] [nio-8083-exec-2] .m.m.a.ExceptionHandlerExceptionResolver : Resolved [org.springframework.web.server.ResponseStatusException: 400 BAD_REQUEST "Password must be at least 8 characters and include uppercase, lowercase, number, and special character"]
2026-03-06T13:14:07.869+07:00 DEBUG 29556 --- [auth-service] [nio-8083-exec-2] o.s.web.servlet.DispatcherServlet        : Completed 400 BAD_REQUEST
2026-03-06T13:14:07.892+07:00 DEBUG 29556 --- [auth-service] [nio-8083-exec-1] o.s.web.servlet.DispatcherServlet        : POST "/api/accounts/forgot-password/reset", parameters={}
2026-03-06T13:14:07.892+07:00 DEBUG 29556 --- [auth-service] [nio-8083-exec-1] s.w.s.m.m.a.RequestMappingHandlerMapping : Mapped to com.group1.auth_service.controller.AccountController#resetPassword(ResetPasswordRequest)
2026-03-06T13:14:07.892+07:00 DEBUG 29556 --- [auth-service] [nio-8083-exec-1] m.m.a.RequestResponseBodyMethodProcessor : Read "application/json;charset=UTF-8" to [ResetPasswordRequest(email=apitest.story@example.com, token=HhhnHLbpcdOwEZtEi-mWryYSchI0MX61eAZemSst (truncated)...]
2026-03-06T13:14:07.893+07:00 DEBUG 29556 --- [auth-service] [nio-8083-exec-1] .m.m.a.ExceptionHandlerExceptionResolver : Using @ExceptionHandler com.group1.auth_service.exception.GlobalExceptionHandler#handleStatusException(ResponseStatusException)
2026-03-06T13:14:07.894+07:00 DEBUG 29556 --- [auth-service] [nio-8083-exec-1] o.s.w.s.m.m.a.HttpEntityMethodProcessor  : Using 'application/json', given [*/*] and supported [application/json, application/*+json]
2026-03-06T13:14:07.894+07:00 DEBUG 29556 --- [auth-service] [nio-8083-exec-1] o.s.w.s.m.m.a.HttpEntityMethodProcessor  : Writing [ApiResponse(success=false, message=Password must be at least 8 characters and include uppercase, low (truncated)...]
2026-03-06T13:14:07.894+07:00 DEBUG 29556 --- [auth-service] [nio-8083-exec-1] .m.m.a.ExceptionHandlerExceptionResolver : Resolved [org.springframework.web.server.ResponseStatusException: 400 BAD_REQUEST "Password must be at least 8 characters and include uppercase, lowercase, number, and special character"]
2026-03-06T13:14:07.894+07:00 DEBUG 29556 --- [auth-service] [nio-8083-exec-1] o.s.web.servlet.DispatcherServlet        : Completed 400 BAD_REQUEST
2026-03-06T13:14:07.912+07:00 DEBUG 29556 --- [auth-service] [nio-8083-exec-3] o.s.web.servlet.DispatcherServlet        : POST "/api/accounts/forgot-password/reset", parameters={}
2026-03-06T13:14:07.912+07:00 DEBUG 29556 --- [auth-service] [nio-8083-exec-3] s.w.s.m.m.a.RequestMappingHandlerMapping : Mapped to com.group1.auth_service.controller.AccountController#resetPassword(ResetPasswordRequest)
2026-03-06T13:14:07.912+07:00 DEBUG 29556 --- [auth-service] [nio-8083-exec-3] m.m.a.RequestResponseBodyMethodProcessor : Read "application/json;charset=UTF-8" to [ResetPasswordRequest(email=apitest.story@example.com, token=HhhnHLbpcdOwEZtEi-mWryYSchI0MX61eAZemSst (truncated)...]
2026-03-06T13:14:07.914+07:00 DEBUG 29556 --- [auth-service] [nio-8083-exec-3] .m.m.a.ExceptionHandlerExceptionResolver : Using @ExceptionHandler com.group1.auth_service.exception.GlobalExceptionHandler#handleStatusException(ResponseStatusException)
2026-03-06T13:14:07.914+07:00 DEBUG 29556 --- [auth-service] [nio-8083-exec-3] o.s.w.s.m.m.a.HttpEntityMethodProcessor  : Using 'application/json', given [*/*] and supported [application/json, application/*+json]
2026-03-06T13:14:07.914+07:00 DEBUG 29556 --- [auth-service] [nio-8083-exec-3] o.s.w.s.m.m.a.HttpEntityMethodProcessor  : Writing [ApiResponse(success=false, message=Password must be at least 8 characters and include uppercase, low (truncated)...]
2026-03-06T13:14:07.915+07:00 DEBUG 29556 --- [auth-service] [nio-8083-exec-3] .m.m.a.ExceptionHandlerExceptionResolver : Resolved [org.springframework.web.server.ResponseStatusException: 400 BAD_REQUEST "Password must be at least 8 characters and include uppercase, lowercase, number, and special character"]
2026-03-06T13:14:07.915+07:00 DEBUG 29556 --- [auth-service] [nio-8083-exec-3] o.s.web.servlet.DispatcherServlet        : Completed 400 BAD_REQUEST
2026-03-06T13:14:07.932+07:00 DEBUG 29556 --- [auth-service] [nio-8083-exec-4] o.s.web.servlet.DispatcherServlet        : POST "/api/accounts/forgot-password/reset", parameters={}
2026-03-06T13:14:07.932+07:00 DEBUG 29556 --- [auth-service] [nio-8083-exec-4] s.w.s.m.m.a.RequestMappingHandlerMapping : Mapped to com.group1.auth_service.controller.AccountController#resetPassword(ResetPasswordRequest)
2026-03-06T13:14:07.932+07:00 DEBUG 29556 --- [auth-service] [nio-8083-exec-4] m.m.a.RequestResponseBodyMethodProcessor : Read "application/json;charset=UTF-8" to [ResetPasswordRequest(email=apitest.story@example.com, token=HhhnHLbpcdOwEZtEi-mWryYSchI0MX61eAZemSst (truncated)...]
2026-03-06T13:14:07.933+07:00 DEBUG 29556 --- [auth-service] [nio-8083-exec-4] .m.m.a.ExceptionHandlerExceptionResolver : Using @ExceptionHandler com.group1.auth_service.exception.GlobalExceptionHandler#handleStatusException(ResponseStatusException)
2026-03-06T13:14:07.933+07:00 DEBUG 29556 --- [auth-service] [nio-8083-exec-4] o.s.w.s.m.m.a.HttpEntityMethodProcessor  : Using 'application/json', given [*/*] and supported [application/json, application/*+json]
2026-03-06T13:14:07.934+07:00 DEBUG 29556 --- [auth-service] [nio-8083-exec-4] o.s.w.s.m.m.a.HttpEntityMethodProcessor  : Writing [ApiResponse(success=false, message=Password must be at least 8 characters and include uppercase, low (truncated)...]
2026-03-06T13:14:07.935+07:00 DEBUG 29556 --- [auth-service] [nio-8083-exec-4] .m.m.a.ExceptionHandlerExceptionResolver : Resolved [org.springframework.web.server.ResponseStatusException: 400 BAD_REQUEST "Password must be at least 8 characters and include uppercase, lowercase, number, and special character"]
2026-03-06T13:14:07.935+07:00 DEBUG 29556 --- [auth-service] [nio-8083-exec-4] o.s.web.servlet.DispatcherServlet        : Completed 400 BAD_REQUEST
2026-03-06T13:14:07.952+07:00 DEBUG 29556 --- [auth-service] [nio-8083-exec-5] o.s.web.servlet.DispatcherServlet        : POST "/api/accounts/forgot-password/reset", parameters={}
2026-03-06T13:14:07.952+07:00 DEBUG 29556 --- [auth-service] [nio-8083-exec-5] s.w.s.m.m.a.RequestMappingHandlerMapping : Mapped to com.group1.auth_service.controller.AccountController#resetPassword(ResetPasswordRequest)
2026-03-06T13:14:07.953+07:00 DEBUG 29556 --- [auth-service] [nio-8083-exec-5] m.m.a.RequestResponseBodyMethodProcessor : Read "application/json;charset=UTF-8" to [ResetPasswordRequest(email=apitest.story@example.com, token=HhhnHLbpcdOwEZtEi-mWryYSchI0MX61eAZemSst (truncated)...]
2026-03-06T13:14:07.954+07:00 DEBUG 29556 --- [auth-service] [nio-8083-exec-5] .m.m.a.ExceptionHandlerExceptionResolver : Using @ExceptionHandler com.group1.auth_service.exception.GlobalExceptionHandler#handleStatusException(ResponseStatusException)
2026-03-06T13:14:07.954+07:00 DEBUG 29556 --- [auth-service] [nio-8083-exec-5] o.s.w.s.m.m.a.HttpEntityMethodProcessor  : Using 'application/json', given [*/*] and supported [application/json, application/*+json]
2026-03-06T13:14:07.954+07:00 DEBUG 29556 --- [auth-service] [nio-8083-exec-5] o.s.w.s.m.m.a.HttpEntityMethodProcessor  : Writing [ApiResponse(success=false, message=Password must be at least 8 characters and include uppercase, low (truncated)...]
2026-03-06T13:14:07.955+07:00 DEBUG 29556 --- [auth-service] [nio-8083-exec-5] .m.m.a.ExceptionHandlerExceptionResolver : Resolved [org.springframework.web.server.ResponseStatusException: 400 BAD_REQUEST "Password must be at least 8 characters and include uppercase, lowercase, number, and special character"]
2026-03-06T13:14:07.955+07:00 DEBUG 29556 --- [auth-service] [nio-8083-exec-5] o.s.web.servlet.DispatcherServlet        : Completed 400 BAD_REQUEST
2026-03-06T13:14:07.972+07:00 DEBUG 29556 --- [auth-service] [nio-8083-exec-6] o.s.web.servlet.DispatcherServlet        : POST "/api/accounts/forgot-password/reset", parameters={}
2026-03-06T13:14:07.972+07:00 DEBUG 29556 --- [auth-service] [nio-8083-exec-6] s.w.s.m.m.a.RequestMappingHandlerMapping : Mapped to com.group1.auth_service.controller.AccountController#resetPassword(ResetPasswordRequest)
2026-03-06T13:14:07.973+07:00 DEBUG 29556 --- [auth-service] [nio-8083-exec-6] m.m.a.RequestResponseBodyMethodProcessor : Read "application/json;charset=UTF-8" to [ResetPasswordRequest(email=apitest.story@example.com, token=HhhnHLbpcdOwEZtEi-mWryYSchI0MX61eAZemSst (truncated)...]
2026-03-06T13:14:07.974+07:00 DEBUG 29556 --- [auth-service] [nio-8083-exec-6] org.hibernate.SQL                        : 
    select
        u1_0.id,
        u1_0.avatar_url,
        u1_0.created_at,
        u1_0.email,
        u1_0.full_name,
        u1_0.last_login_at,
        u1_0.password,
        u1_0.password_changed_at,
        u1_0.phone,
        u1_0.role_id,
        u1_0.status,
        u1_0.updated_at,
        u1_0.username 
    from
        users u1_0 
    where
        u1_0.email=?
Hibernate: 
    select
        u1_0.id,
        u1_0.avatar_url,
        u1_0.created_at,
        u1_0.email,
        u1_0.full_name,
        u1_0.last_login_at,
        u1_0.password,
        u1_0.password_changed_at,
        u1_0.phone,
        u1_0.role_id,
        u1_0.status,
        u1_0.updated_at,
        u1_0.username 
    from
        users u1_0 
    where
        u1_0.email=?
2026-03-06T13:14:07.975+07:00 DEBUG 29556 --- [auth-service] [nio-8083-exec-6] org.hibernate.SQL                        : 
    select
        r1_0.id,
        r1_0.description,
        r1_0.name 
    from
        roles r1_0 
    where
        r1_0.id=?
Hibernate: 
    select
        r1_0.id,
        r1_0.description,
        r1_0.name 
    from
        roles r1_0 
    where
        r1_0.id=?
2026-03-06T13:14:07.977+07:00 DEBUG 29556 --- [auth-service] [nio-8083-exec-6] org.hibernate.SQL                        : 
    select
        prt1_0.id,
        prt1_0.created_at,
        prt1_0.expires_at,
        prt1_0.token_hash,
        prt1_0.used,
        prt1_0.used_at,
        prt1_0.user_id 
    from
        password_reset_tokens prt1_0 
    join
        users u1_0 
            on u1_0.id=prt1_0.user_id 
    where
        prt1_0.token_hash=? 
        and u1_0.id=?
Hibernate: 
    select
        prt1_0.id,
        prt1_0.created_at,
        prt1_0.expires_at,
        prt1_0.token_hash,
        prt1_0.used,
        prt1_0.used_at,
        prt1_0.user_id 
    from
        password_reset_tokens prt1_0 
    join
        users u1_0 
            on u1_0.id=prt1_0.user_id 
    where
        prt1_0.token_hash=? 
        and u1_0.id=?
2026-03-06T13:14:08.025+07:00 DEBUG 29556 --- [auth-service] [nio-8083-exec-6] .m.m.a.ExceptionHandlerExceptionResolver : Using @ExceptionHandler com.group1.auth_service.exception.GlobalExceptionHandler#handleStatusException(ResponseStatusException)
2026-03-06T13:14:08.025+07:00 DEBUG 29556 --- [auth-service] [nio-8083-exec-6] o.s.w.s.m.m.a.HttpEntityMethodProcessor  : Using 'application/json', given [*/*] and supported [application/json, application/*+json]
2026-03-06T13:14:08.025+07:00 DEBUG 29556 --- [auth-service] [nio-8083-exec-6] o.s.w.s.m.m.a.HttpEntityMethodProcessor  : Writing [ApiResponse(success=false, message=New password must be different from current password, data=null)]
2026-03-06T13:14:08.025+07:00 DEBUG 29556 --- [auth-service] [nio-8083-exec-6] .m.m.a.ExceptionHandlerExceptionResolver : Resolved [org.springframework.web.server.ResponseStatusException: 400 BAD_REQUEST "New password must be different from current password"]
2026-03-06T13:14:08.026+07:00 DEBUG 29556 --- [auth-service] [nio-8083-exec-6] o.s.web.servlet.DispatcherServlet        : Completed 400 BAD_REQUEST
2026-03-06T13:14:08.046+07:00 DEBUG 29556 --- [auth-service] [nio-8083-exec-7] o.s.web.servlet.DispatcherServlet        : POST "/api/accounts/forgot-password/reset", parameters={}
2026-03-06T13:14:08.047+07:00 DEBUG 29556 --- [auth-service] [nio-8083-exec-7] s.w.s.m.m.a.RequestMappingHandlerMapping : Mapped to com.group1.auth_service.controller.AccountController#resetPassword(ResetPasswordRequest)
2026-03-06T13:14:08.047+07:00 DEBUG 29556 --- [auth-service] [nio-8083-exec-7] m.m.a.RequestResponseBodyMethodProcessor : Read "application/json;charset=UTF-8" to [ResetPasswordRequest(email=, token=HhhnHLbpcdOwEZtEi-mWryYSchI0MX61eAZemSstSEc, newPassword=Def@1234 (truncated)...]
2026-03-06T13:14:08.047+07:00 DEBUG 29556 --- [auth-service] [nio-8083-exec-7] .m.m.a.ExceptionHandlerExceptionResolver : Using @ExceptionHandler com.group1.auth_service.exception.GlobalExceptionHandler#handleValidationException(MethodArgumentNotValidException)
2026-03-06T13:14:08.047+07:00 DEBUG 29556 --- [auth-service] [nio-8083-exec-7] o.s.w.s.m.m.a.HttpEntityMethodProcessor  : Using 'application/json', given [*/*] and supported [application/json, application/*+json]
2026-03-06T13:14:08.048+07:00 DEBUG 29556 --- [auth-service] [nio-8083-exec-7] o.s.w.s.m.m.a.HttpEntityMethodProcessor  : Writing [ApiResponse(success=false, message=Email is required, data=null)]
2026-03-06T13:14:08.048+07:00 DEBUG 29556 --- [auth-service] [nio-8083-exec-7] .m.m.a.ExceptionHandlerExceptionResolver : Resolved [org.springframework.web.bind.MethodArgumentNotValidException: Validation failed for argument [0] in public org.springframework.http.ResponseEntity<com.group1.auth_service.dto.response.ApiResponse<java.lang.Void>> com.group1.auth_service.controller.AccountController.resetPassword(com.group1.auth_service.dto.request.ResetPasswordRequest): [Field error in object 'resetPasswordRequest' on field 'email': rejected value []; codes [NotBlank.resetPasswordRequest.email,NotBlank.email,NotBlank.java.lang.String,NotBlank]; arguments [org.springframework.context.support.DefaultMessageSourceResolvable: codes [resetPasswordRequest.email,email]; arguments []; default message [email]]; default message [Email is required]] ]
2026-03-06T13:14:08.048+07:00 DEBUG 29556 --- [auth-service] [nio-8083-exec-7] o.s.web.servlet.DispatcherServlet        : Completed 400 BAD_REQUEST
2026-03-06T13:14:08.066+07:00 DEBUG 29556 --- [auth-service] [nio-8083-exec-8] o.s.web.servlet.DispatcherServlet        : POST "/api/accounts/forgot-password/reset", parameters={}
2026-03-06T13:14:08.066+07:00 DEBUG 29556 --- [auth-service] [nio-8083-exec-8] s.w.s.m.m.a.RequestMappingHandlerMapping : Mapped to com.group1.auth_service.controller.AccountController#resetPassword(ResetPasswordRequest)
2026-03-06T13:14:08.066+07:00 DEBUG 29556 --- [auth-service] [nio-8083-exec-8] m.m.a.RequestResponseBodyMethodProcessor : Read "application/json;charset=UTF-8" to [ResetPasswordRequest(email=apitest.story@example.com, token=null, newPassword=Def@1234, confirmPassw (truncated)...]
2026-03-06T13:14:08.067+07:00 DEBUG 29556 --- [auth-service] [nio-8083-exec-8] .m.m.a.ExceptionHandlerExceptionResolver : Using @ExceptionHandler com.group1.auth_service.exception.GlobalExceptionHandler#handleValidationException(MethodArgumentNotValidException)
2026-03-06T13:14:08.067+07:00 DEBUG 29556 --- [auth-service] [nio-8083-exec-8] o.s.w.s.m.m.a.HttpEntityMethodProcessor  : Using 'application/json', given [*/*] and supported [application/json, application/*+json]
2026-03-06T13:14:08.067+07:00 DEBUG 29556 --- [auth-service] [nio-8083-exec-8] o.s.w.s.m.m.a.HttpEntityMethodProcessor  : Writing [ApiResponse(success=false, message=Token is required, data=null)]
2026-03-06T13:14:08.067+07:00 DEBUG 29556 --- [auth-service] [nio-8083-exec-8] .m.m.a.ExceptionHandlerExceptionResolver : Resolved [org.springframework.web.bind.MethodArgumentNotValidException: Validation failed for argument [0] in public org.springframework.http.ResponseEntity<com.group1.auth_service.dto.response.ApiResponse<java.lang.Void>> com.group1.auth_service.controller.AccountController.resetPassword(com.group1.auth_service.dto.request.ResetPasswordRequest): [Field error in object 'resetPasswordRequest' on field 'token': rejected value [null]; codes [NotBlank.resetPasswordRequest.token,NotBlank.token,NotBlank.java.lang.String,NotBlank]; arguments [org.springframework.context.support.DefaultMessageSourceResolvable: codes [resetPasswordRequest.token,token]; arguments []; default message [token]]; default message [Token is required]] ]
2026-03-06T13:14:08.068+07:00 DEBUG 29556 --- [auth-service] [nio-8083-exec-8] o.s.web.servlet.DispatcherServlet        : Completed 400 BAD_REQUEST
2026-03-06T13:14:08.088+07:00 DEBUG 29556 --- [auth-service] [nio-8083-exec-9] o.s.web.servlet.DispatcherServlet        : POST "/api/accounts/forgot-password/reset", parameters={}
2026-03-06T13:14:08.089+07:00 DEBUG 29556 --- [auth-service] [nio-8083-exec-9] s.w.s.m.m.a.RequestMappingHandlerMapping : Mapped to com.group1.auth_service.controller.AccountController#resetPassword(ResetPasswordRequest)
2026-03-06T13:14:08.089+07:00 DEBUG 29556 --- [auth-service] [nio-8083-exec-9] m.m.a.RequestResponseBodyMethodProcessor : Read "application/json;charset=UTF-8" to [ResetPasswordRequest(email=apitest.story@example.com, token=HhhnHLbpcdOwEZtEi-mWryYSchI0MX61eAZemSst (truncated)...]
2026-03-06T13:14:08.089+07:00 DEBUG 29556 --- [auth-service] [nio-8083-exec-9] .m.m.a.ExceptionHandlerExceptionResolver : Using @ExceptionHandler com.group1.auth_service.exception.GlobalExceptionHandler#handleValidationException(MethodArgumentNotValidException)
2026-03-06T13:14:08.089+07:00 DEBUG 29556 --- [auth-service] [nio-8083-exec-9] o.s.w.s.m.m.a.HttpEntityMethodProcessor  : Using 'application/json', given [*/*] and supported [application/json, application/*+json]
2026-03-06T13:14:08.090+07:00 DEBUG 29556 --- [auth-service] [nio-8083-exec-9] o.s.w.s.m.m.a.HttpEntityMethodProcessor  : Writing [ApiResponse(success=false, message=New password is required, data=null)]
2026-03-06T13:14:08.090+07:00 DEBUG 29556 --- [auth-service] [nio-8083-exec-9] .m.m.a.ExceptionHandlerExceptionResolver : Resolved [org.springframework.web.bind.MethodArgumentNotValidException: Validation failed for argument [0] in public org.springframework.http.ResponseEntity<com.group1.auth_service.dto.response.ApiResponse<java.lang.Void>> com.group1.auth_service.controller.AccountController.resetPassword(com.group1.auth_service.dto.request.ResetPasswordRequest): [Field error in object 'resetPasswordRequest' on field 'newPassword': rejected value [null]; codes [NotBlank.resetPasswordRequest.newPassword,NotBlank.newPassword,NotBlank.java.lang.String,NotBlank]; arguments [org.springframework.context.support.DefaultMessageSourceResolvable: codes [resetPasswordRequest.newPassword,newPassword]; arguments []; default message [newPassword]]; default message [New password is required]] ]
2026-03-06T13:14:08.090+07:00 DEBUG 29556 --- [auth-service] [nio-8083-exec-9] o.s.web.servlet.DispatcherServlet        : Completed 400 BAD_REQUEST
2026-03-06T13:14:08.115+07:00 DEBUG 29556 --- [auth-service] [io-8083-exec-10] o.s.web.servlet.DispatcherServlet        : POST "/api/accounts/forgot-password/reset", parameters={}
2026-03-06T13:14:08.115+07:00 DEBUG 29556 --- [auth-service] [io-8083-exec-10] s.w.s.m.m.a.RequestMappingHandlerMapping : Mapped to com.group1.auth_service.controller.AccountController#resetPassword(ResetPasswordRequest)
2026-03-06T13:14:08.115+07:00 DEBUG 29556 --- [auth-service] [io-8083-exec-10] m.m.a.RequestResponseBodyMethodProcessor : Read "application/json;charset=UTF-8" to [ResetPasswordRequest(email=apitest.story@example.com, token=HhhnHLbpcdOwEZtEi-mWryYSchI0MX61eAZemSst (truncated)...]
2026-03-06T13:14:08.116+07:00 DEBUG 29556 --- [auth-service] [io-8083-exec-10] .m.m.a.ExceptionHandlerExceptionResolver : Using @ExceptionHandler com.group1.auth_service.exception.GlobalExceptionHandler#handleValidationException(MethodArgumentNotValidException)
2026-03-06T13:14:08.117+07:00 DEBUG 29556 --- [auth-service] [io-8083-exec-10] o.s.w.s.m.m.a.HttpEntityMethodProcessor  : Using 'application/json', given [*/*] and supported [application/json, application/*+json]
2026-03-06T13:14:08.117+07:00 DEBUG 29556 --- [auth-service] [io-8083-exec-10] o.s.w.s.m.m.a.HttpEntityMethodProcessor  : Writing [ApiResponse(success=false, message=Confirm password is required, data=null)]
2026-03-06T13:14:08.118+07:00 DEBUG 29556 --- [auth-service] [io-8083-exec-10] .m.m.a.ExceptionHandlerExceptionResolver : Resolved [org.springframework.web.bind.MethodArgumentNotValidException: Validation failed for argument [0] in public org.springframework.http.ResponseEntity<com.group1.auth_service.dto.response.ApiResponse<java.lang.Void>> com.group1.auth_service.controller.AccountController.resetPassword(com.group1.auth_service.dto.request.ResetPasswordRequest): [Field error in object 'resetPasswordRequest' on field 'confirmPassword': rejected value [null]; codes [NotBlank.resetPasswordRequest.confirmPassword,NotBlank.confirmPassword,NotBlank.java.lang.String,NotBlank]; arguments [org.springframework.context.support.DefaultMessageSourceResolvable: codes [resetPasswordRequest.confirmPassword,confirmPassword]; arguments []; default message [confirmPassword]]; default message [Confirm password is required]] ]
2026-03-06T13:14:08.120+07:00 DEBUG 29556 --- [auth-service] [io-8083-exec-10] o.s.web.servlet.DispatcherServlet        : Completed 400 BAD_REQUEST
